Player,Runs,ScoreRate,Country,centuries,missed centuries,ducks
Sachin R Tendulkar,18111.0,74.61212669683265,442,48,17,20
Ricky T Ponting,13686.0,69.83119444444444,360,30,5,20
Sanath T Jayasuriya,13430.0,77.5775057736721,433,28,6,34
Inzamam-ul-Haq,11739.0,67.45311428571429,351,10,2,20
Jacques H Kallis,11372.0,63.60085808580856,303,17,8,17
Sourav C Ganguly,11363.0,64.90043333333332,300,22,3,16
Rahul Dravid,10889.0,66.91160377358489,318,12,3,13
Brian C Lara,10405.0,70.71830449826992,289,19,3,16
D P Mahela Jayawardene,9913.0,65.05869696969702,330,15,3,26
Mohammad Yousuf,9720.0,67.17329670329666,273,15,4,15
Adam C Gilchrist,9619.0,86.78236559139783,279,16,6,19
Kumar C Sangakkara,9540.0,69.94393617021278,282,11,1,10
Mohammad Azharuddin,9378.0,69.66844155844164,308,7,5,9
Pinnaduwage A de Silva,9284.0,72.22793918918917,296,11,8,17
Saeed Anwar,8824.0,72.01553278688525,244,20,2,15
Shivnarine Chanderpaul,8778.0,68.70087649402387,251,11,5,6
Desmond L Haynes,8648.0,52.77962025316457,237,17,3,13
Marvan S Atapattu,8529.0,59.97355212355214,259,11,4,13
Mark E Waugh,8500.0,65.8502966101695,237,18,2,16
Herschelle H Gibbs,8094.0,68.41941666666662,240,21,4,22
Christopher H Gayle,8087.0,72.76044843049328,223,19,4,22
Yuvraj Singh,8051.0,79.13948412698414,252,13,3,15
Stephen P Fleming,8037.0,65.08631970260222,269,8,3,17
Virender Sehwag,7760.0,93.87600000000002,230,14,4,12
Stephen R Waugh,7569.0,69.41430555555557,288,3,1,17
Arjuna Ranatunga,7456.0,68.38435294117649,255,4,2,20
Javed Miandad,7381.0,65.68435779816512,218,8,1,8
Salim Malik,7170.0,68.5674609375,256,5,2,20
Nathan J Astle,7090.0,61.723456221198155,217,16,7,19
Michael G Bevan,6912.0,73.39551020408166,196,6,0,5
Gary Kirsten,6798.0,60.52005405405405,185,13,4,11
Andrew Flower,6786.0,67.04990384615384,208,4,2,14
Isaac V A Richards,6721.0,85.41149700598798,167,11,3,7
Shahid Afridi,6695.0,103.14927392739277,303,6,0,26
Michael J Clarke,6619.0,70.45989361702127,188,6,6,10
Grant W Flower,6571.0,56.98897196261682,214,6,8,18
Ijaz Ahmed,6564.0,74.72142241379306,232,10,3,14
Allan R Border,6524.0,67.04702380952384,252,3,2,12
Mahendra S Dhoni,6497.0,85.30714285714282,175,7,5,6
Younis Khan,6442.0,64.96847926267282,217,6,1,21
Graeme C Smith,6360.0,71.84687861271676,173,8,4,8
Richard B Richardson,6248.0,56.13230414746542,217,5,5,8
Matthew L Hayden,6133.0,70.26180645161288,155,10,4,9
Dean M Jones,6068.0,66.05378881987575,161,7,5,6
David C Boon,5964.0,58.262824858757064,177,5,3,6
Jonathan N Rhodes,5935.0,75.37209090909091,220,2,2,15
Ramiz Raja,5841.0,53.865532994923846,197,9,1,16
Carl L Hooper,5761.0,72.30029126213591,206,7,1,7
Ramnaresh R Sarwan,5644.0,72.78229813664595,161,4,5,6
Tillekeratne M Dilshan,5606.0,81.42110526315787,190,10,1,7
Wessel J Cronje,5565.0,73.57342857142854,175,2,4,8
Alaysinhji D Jadeja,5359.0,66.71011173184357,179,6,3,10
Damien R Martyn,5346.0,71.41329670329672,182,5,2,11
Shoaib Malik,5204.0,74.357816091954,174,7,1,10
Alistair D R Campbell,5185.0,56.564728260869565,185,7,3,11
Roshan S Mahanama,5162.0,56.235757575757575,198,4,3,16
Cuthbert Gordon Greenidge,5134.0,60.189448818897624,127,11,2,3
Paul D Collingwood,5092.0,72.62646408839778,181,5,3,7
Andrew Symonds,5088.0,83.1021118012422,161,6,2,15
Abdul Razzaq,5063.0,83.66730088495576,227,3,0,16
Christopher L Cairns,4950.0,81.18772020725392,193,4,0,9
Michael E K Hussey,4862.0,88.7090579710145,138,3,0,4
Aamir Sohail,4780.0,57.79670967741933,156,5,3,10
Craig D McMillan,4707.0,68.71426229508195,183,3,0,9
Martin D Crowe,4704.0,64.16371428571429,140,4,6,3
Mark V Boucher,4686.0,80.89782805429867,221,1,0,18
Alec J Stewart,4677.0,61.39067901234567,162,4,2,14
Abraham B de Villiers,4523.0,82.65191304347827,115,11,2,6
Scott B Styris,4483.0,73.65565217391301,161,4,0,9
Navjot S Sidhu,4413.0,57.45314960629923,127,6,3,7
Christopher Z Harris,4379.0,66.2012676056338,213,1,0,12
Geoffrey R Marsh,4357.0,47.83208695652174,115,9,2,4
Marcus E Trescothick,4335.0,69.12467213114756,122,12,1,13
Graham A Gooch,4290.0,54.996065573770466,122,8,3,4
Gautam Gambhir,4286.0,73.77817391304346,115,9,1,8
Andrew J Strauss,4205.0,68.72464000000001,125,6,2,9
Shane R Watson,4186.0,85.7664462809917,121,6,2,8
Brendon B McCullum,4181.0,83.49371257485028,167,3,1,15
Krishnamachari Srikkanth,4091.0,60.703310344827585,145,4,5,11
W Upul Tharanga,4064.0,62.5715702479339,121,12,0,11
Allan J Lamb,4010.0,69.480593220339,118,4,4,8
Brendan R M Taylor,3985.0,59.78750000000001,128,6,3,8
Russel P Arnold,3950.0,71.1858064516129,155,1,1,7
Kevin P Pietersen,3903.0,76.02491071428571,112,7,1,6
Asanka P Gurusinha,3902.0,54.883286713286694,144,2,0,12
John G Wright,3891.0,49.40932432432434,148,1,1,9
Daryll J Cullinan,3860.0,62.27210526315787,133,3,1,10
Graeme A Hick,3846.0,62.11440677966104,118,5,2,10
Hashan P Tillakaratne,3789.0,54.93589285714287,168,2,0,11
Kapil Dev,3783.0,83.98454545454543,198,1,0,16
Wasim Akram,3717.0,84.67800000000003,280,0,0,32
Romesh S Kaluwitharana,3711.0,69.15171270718227,181,2,2,24
Imran Khan,3709.0,74.56735099337747,151,1,0,6
Philip V Simmons,3675.0,59.58173913043478,138,5,1,14
Nicholas V Knight,3626.0,60.9104,100,5,1,7
Lance Klusener,3576.0,87.77043795620433,137,2,2,13
Shaun M Pollock,3519.0,84.6779512195122,205,1,0,24
Mark A Taylor,3514.0,51.1771818181818,110,1,2,4
Dillip B Vengsarkar,3508.0,60.28066666666663,120,1,2,7
Hendrik H Dippenaar,3421.0,65.2794736842105,95,4,1,4
Stephen O Tikolo,3421.0,61.25124031007751,130,3,3,13
Mohammad Ashraful,3396.0,61.12871951219509,164,3,1,13
Andrew Flintoff,3394.0,79.18106557377047,122,3,1,9
Kepler C Wessels,3367.0,51.73571428571429,105,1,1,0
Shakib Al Hasan,3342.0,70.87280701754385,114,5,1,6
Adam C Parore,3314.0,63.693540372670796,161,1,2,20
Tatenda Taibu,3297.0,56.657761194029845,134,2,2,16
Moin Khan,3266.0,76.8767213114754,183,0,0,19
Ian R Bell,3234.0,67.64067307692311,104,1,0,6
Luteru R P L Taylor,3185.0,75.5810101010101,99,5,1,6
Suresh K Raina,3172.0,81.5819090909091,110,3,0,8
David I Gower,3170.0,66.08819819819819,111,7,1,6
Kenneth R Rutherford,3143.0,57.01339130434783,115,2,0,7
Tamim Iqbal,3112.0,70.17,106,3,1,10
Ravishankar J Shastri,3108.0,59.98703124999999,128,4,0,6
Sunil M Gavaskar,3092.0,56.479215686274486,102,1,2,8
Darren S Lehmann,3078.0,75.68831683168317,101,4,2,5
Hamilton Masakadza,2994.0,56.13203539823008,113,3,0,13
Heath H Streak,2943.0,77.51433962264146,159,0,0,8
Kamran Akmal,2924.0,78.79591666666664,120,5,0,6
Wavell W Hinds,2880.0,57.01360360360356,111,5,1,9
Marlon N Samuels,2862.0,70.50774774774773,111,2,2,5
Augustine L Logie,2809.0,70.03654135338346,133,1,0,13
Andrew H Jones,2784.0,49.54643678160919,87,0,1,4
Mohammad Kaif,2753.0,64.54481818181816,110,2,2,8
Elton Chigumbura,2744.0,78.62738461538461,130,0,0,9
Stuart V Carlisle,2740.0,55.12616822429906,107,3,1,11
Salman Butt,2725.0,55.671410256410255,78,8,0,15
Roger G Twose,2717.0,69.07172839506174,81,1,2,6
Guy J Whittall,2705.0,64.19253521126761,142,0,0,12
Mudassar Nazar,2653.0,50.07078260869564,115,0,1,6
Virat Kohli,2617.0,70.17378787878785,66,7,2,5
Syed Zaheer Abbas,2572.0,74.89716666666665,60,7,3,2
Andrew C Hudson,2559.0,51.57238636363638,88,2,2,6
Hashim M Amla,2538.0,86.56686274509804,51,8,2,1
Bradley J Haddin,2511.0,77.8787356321839,87,2,0,2
Vinod G Kambli,2477.0,64.99113402061852,97,2,0,4
Robin A Smith,2419.0,55.979142857142854,70,4,1,4
Thomas M Odoyo,2418.0,64.94059829059829,118,1,0,12
Lou Vincent,2413.0,59.32363636363633,99,3,0,8
Graham P Thorpe,2380.0,66.94974025974025,77,0,0,3
Vangipurappu V S Laxman,2338.0,59.65409638554217,83,6,1,4
Rabindra R Singh,2336.0,74.2658407079646,113,1,0,5
Nasser Hussain,2332.0,54.91908045977011,87,1,2,6
Gregory S Chappell,2331.0,63.35347222222221,72,3,1,7
Misbah-ul-Haq,2308.0,76.16422535211268,71,0,1,3
Jacob D P Oram,2293.0,85.22816513761471,109,1,0,8
Jean-Paul Duminy,2289.0,79.45648648648648,74,2,1,7
Sherwin L Campbell,2283.0,50.94310344827588,87,2,0,9
Vusimuzi Sibanda,2273.0,48.399587628865966,97,1,4,12
Eoin J G Morgan,2241.0,73.72130434782608,69,4,2,4
Graeme M Wood,2219.0,50.84753246753247,77,3,2,4
Mark J Greatbatch,2206.0,63.308192771084336,83,2,0,7
James C Adams,2204.0,55.44857142857141,106,0,0,7
Stuart Matsikenyeri,2196.0,63.723962264150956,106,0,0,8
Habibul Bashar,2168.0,46.09019047619047,105,0,0,18
Shahriar Nafees,2162.0,54.64319444444445,72,4,1,11
Mohammad Hafeez,2132.0,58.60731707317075,82,3,1,8
Ian T Botham,2113.0,80.19867924528302,106,0,0,6
Daniel L Vettori,2105.0,77.95453488372092,172,0,0,26
Michael W Gatting,2095.0,63.097045454545444,88,1,1,5
Neil H Fairbrother,2092.0,68.38042253521125,71,1,0,2
Ricardo L Powell,2085.0,86.74770000000001,100,1,0,8
Cameron L White,2037.0,78.91520547945206,73,2,0,3
Yasir Hameed,2028.0,58.87053571428572,56,3,1,2
W P U J Chaminda Vaas,2025.0,70.70195454545451,220,0,0,30
Kennedy O Otieno,2016.0,42.78563218390805,87,2,0,12
Sanjay V Manjrekar,1994.0,55.501285714285714,70,1,0,4
Michael P Vaughan,1982.0,58.15722891566264,83,0,0,10
Clive H Lloyd,1977.0,79.8708695652174,69,1,0,1
Mushfiqur Rahim,1975.0,57.59489130434781,92,1,1,8
Kimberley J Hughes,1968.0,53.14522727272729,88,0,1,13
Ashish Bagai,1961.0,59.48796610169492,59,2,2,2
Aftab Ahmed,1954.0,77.09341176470586,85,0,1,8
Peter J L Dujon,1945.0,68.44683333333334,120,0,0,8
Mohinder Amarnath,1924.0,52.38386666666667,75,2,0,2
Dwayne J J Bravo,1910.0,75.75052083333331,96,1,0,8
Keith L T Arthurton,1904.0,59.44870967741934,93,0,0,14
Imran Nazir,1895.0,69.53075949367089,79,2,0,10
Mohsin Khan,1877.0,48.931733333333334,75,2,0,3
Jeremy V Coney,1874.0,65.99537499999998,80,0,0,1
Ridley D Jacobs,1865.0,65.43741071428572,112,0,0,14
Manoj M Prabhakar,1858.0,56.13479591836734,98,2,1,9
Owais A Shah,1834.0,67.78984848484848,66,1,1,7
Collins O Obuya,1821.0,64.52088607594935,79,0,1,5
Murray W Goodwin,1818.0,61.890571428571455,70,2,0,1
Khaled Mashud,1818.0,52.779909090909065,110,0,0,10
Bruce A Edgar,1814.0,41.67703125,64,1,1,3
Ian J L Trott,1798.0,69.93846153846155,39,3,3,2
Michael A Atherton,1791.0,50.59537037037035,54,2,1,4
Ian A Healy,1764.0,79.78391666666668,120,0,0,10
Martin J Guptill,1753.0,73.23346153846154,52,2,1,2
Richard J Hadlee,1751.0,78.46806122448979,98,0,0,4
William T S Porterfield,1726.0,56.46553571428571,56,5,0,3
Craig B Wishart,1719.0,61.18,82,2,0,8
Rashid Latif,1709.0,71.70222222222222,117,0,0,10
Dihan A Gunawardene,1708.0,60.381311475409845,61,1,0,5
Neil D McKenzie,1688.0,66.018,55,2,0,2
Neil C Johnson,1679.0,64.03520833333333,48,4,2,2
Bryan A Young,1668.0,55.961780821917806,73,0,0,5
Kevin J O'Brien,1660.0,77.05711864406781,59,2,1,3
Umagiliya D U Chandana,1627.0,67.65099099099096,111,0,0,9
Glenn M Turner,1598.0,59.65125000000002,40,3,1,1
Lindamlilage P C Silva,1587.0,61.99409836065572,61,1,0,6
Stuart C Williams,1586.0,53.24854545454545,55,1,0,6
Saleem Elahi,1579.0,70.28829787234044,47,4,0,3
Roy L Dias,1573.0,57.66563636363637,55,2,0,4
Ravinda S Bopara,1560.0,75.00338461538462,65,0,1,2
Ryan N ten Doeschate,1541.0,80.48406250000001,32,5,1,1
David L Houghton,1530.0,60.68716666666669,60,1,0,5
Louis R D Mendis,1527.0,68.54121621621621,74,0,0,4
Azhar Mahmood,1521.0,76.5649090909091,111,0,0,10
Runako S Morton,1519.0,50.05901960784313,51,2,0,7
Jeffrey J Crowe,1518.0,57.78366197183098,71,0,0,6
Justin M Kemp,1512.0,76.06818181818181,66,1,0,6
Ravindu D Shah,1506.0,53.63490909090911,55,1,0,5
Rohit G Sharma,1505.0,60.7484126984127,63,2,0,7
Alastair N Cook,1458.0,67.77804878048781,41,2,1,4
Hamish J H Marshall,1454.0,64.76032258064515,62,1,0,3
Dion D Ebrahim,1443.0,49.24276315789474,76,1,0,8
Chamara K Kapugedera,1443.0,66.88124999999998,72,0,1,5
Hilary A Gomes,1415.0,49.80031250000001,64,1,0,5
Nico Boje,1414.0,87.51394366197181,71,2,0,3
Maurice O Odumbe,1409.0,64.74542372881355,59,0,0,6
Geoffrey P Howarth,1384.0,57.622,65,0,0,2
Irfan K Pathan,1369.0,72.62166666666666,78,0,0,9
Brian C Broad,1361.0,48.85882352941177,34,1,2,2
Paul R Stirling,1349.0,88.56529411764706,34,4,0,1
Peter G Fulton,1334.0,66.92826086956521,46,1,0,2
James R Hopes,1326.0,98.87180327868852,61,0,0,1
David O Obuya,1325.0,54.24140845070423,71,0,1,10
Simon M Katich,1324.0,65.47285714285714,42,1,0,3
Mohammad Mahmudullah,1318.0,70.45508196721312,61,0,0,2
Javed Omar,1312.0,45.450847457627134,59,0,0,2
Imrul Kayes,1309.0,63.67574468085106,47,1,1,1
Raqibul Hasan Jnr,1308.0,51.58703703703703,54,0,0,6
Matthew S Sinclair,1304.0,45.75019999999999,50,2,0,8
Peter N Kirsten,1293.0,52.605750000000015,40,0,1,0
Maurice A Ouma,1291.0,49.20652173913044,69,0,0,6
Umar Akmal,1285.0,79.19950000000001,40,1,0,3
Matthew J Prior,1282.0,66.74951612903224,62,0,0,6
Shaun E Marsh,1274.0,65.22444444444443,36,2,0,2
Nayan R Mongia,1272.0,68.254375,96,0,0,6
Shoaib Mohammad,1269.0,42.361724137931034,58,1,0,8
Ajit B Agarkar,1269.0,76.11256637168141,113,0,1,11
Basit Ali,1265.0,71.29255813953486,43,1,0,3
C Justice Chibhabha,1247.0,51.76166666666666,60,0,0,5
Simon P O'Donnell,1242.0,73.86765625,64,0,0,6
Stuart G Law,1237.0,68.29411764705883,51,1,1,4
Handunettige D P K Dharmasena,1232.0,71.05034482758622,87,0,0,2
Gavin M Hamilton,1231.0,59.20026315789474,38,2,0,1
Dinesh Mongia,1230.0,62.989215686274505,51,1,0,4
Imran Farhat,1226.0,60.079499999999996,40,1,1,3
Rodney W Marsh,1225.0,75.91855263157893,76,0,0,7
Alok Kapali,1223.0,55.77923076923075,65,1,0,5
Thomas M Moody,1211.0,61.822031250000016,64,0,0,7
Niall J  O'Brien,1198.0,63.81714285714287,49,0,0,3
Junaid Siddique,1196.0,61.61132075471699,53,1,1,6
Harbhajan Singh,1190.0,71.58138211382114,123,0,0,18
Mohammad Rafique,1190.0,61.581509433962275,106,0,0,16
Mashrafe Bin Mortaza,1178.0,82.365,92,0,0,10
Jacobus A Rudolph,1174.0,64.62666666666665,39,0,0,0
Prosper Utseya,1160.0,64.70324324324324,111,0,0,17
Sean C Williams,1147.0,63.14195652173913,47,0,0,3
Alex A Obanda,1139.0,72.65405405405404,37,0,1,1
Hitesh S Modi,1109.0,51.28678571428572,56,0,0,5
Bastiaan Zuiderent,1098.0,47.56285714285714,56,0,0,7
Vikram S Solanki,1097.0,63.14739130434783,46,2,0,2
Jesse D Ryder,1094.0,77.23548387096774,31,2,0,3
Paul A Strang,1090.0,62.3445205479452,73,0,0,8
Geoffrey Boycott,1082.0,49.54264705882353,34,1,1,1
Mohammad Asif Mujtaba,1068.0,52.25981818181818,55,1,0,8
Derek W Randall,1067.0,57.10288888888889,45,0,0,4
Angelo D Mathews,1065.0,77.57261904761904,42,0,0,4
James K Kamande,1055.0,62.187083333333334,72,0,0,9
Ian D S Smith,1055.0,95.88233766233765,77,0,0,7
Jamie M How,1046.0,56.32675675675675,37,1,0,3
Don S B P Kuruppu,1022.0,46.41173076923077,52,0,0,3
Ashwell G Prince,1018.0,63.1612195121951,41,0,0,4
Shane K Warne,1018.0,74.25476635514018,107,0,0,13
Devon S Smith,1014.0,62.782500000000006,40,1,1,2
Krishna K D Karthik,1012.0,66.8534090909091,44,0,0,4
Rajin Saleh,1005.0,42.69674418604651,43,1,0,5
Sandeep M Patil,1005.0,66.46142857142856,42,0,0,4
Neil F I McCallum,1002.0,55.782142857142865,42,2,0,4
Khaled Mahmud,991.0,61.78486111111111,72,0,0,9
Michael J Slater,987.0,52.0907142857143,42,0,0,3
Bernard L Cairns,987.0,92.47384615384614,65,0,0,6
Mohamed F Maharoof,984.0,86.17406249999999,64,0,0,5
Matthew J Horne,980.0,57.233749999999986,48,0,0,3
Akram Khan,976.0,50.38363636363638,44,0,0,3
David F Watts,974.0,47.6917142857143,35,1,1,4
Waqar Younis,969.0,64.48733812949641,139,0,0,22
Lendl M P Simmons,966.0,53.852333333333334,30,1,0,5
Shane A Thomson,964.0,60.92653846153847,52,0,0,3
James E C Franklin,962.0,74.21828124999999,64,0,1,5
Gregory M Ritchie,959.0,55.46904761904763,42,0,0,2
Brett Lee,957.0,74.53479591836735,98,0,0,20
Malcolm D Marshall,955.0,74.9244578313253,83,0,0,7
Ranjan S Madugalle,950.0,54.2325,57,0,0,4
Ryan R Watson,950.0,67.43314285714287,35,1,0,4
David J Hussey,940.0,86.00156249999998,32,1,0,1
Anil  Kumble,938.0,60.84941176470587,136,0,0,23
Craig M Spearman,936.0,60.364799999999995,50,0,0,6
Dwayne R Smith,925.0,95.95360655737703,61,0,0,7
Gary C Wilson,908.0,72.59441176470588,34,1,0,3
Tanmay Mishra,907.0,61.31176470588236,34,0,0,4
Sunil Dhaniram,906.0,72.17,41,0,1,3
Andrew J Hall,905.0,69.19375,56,0,0,7
Denesh Ramdin,903.0,73.4784126984127,63,0,0,2
Stephen B Smith,887.0,59.24800000000001,25,2,0,2
Yashpal Sharma,883.0,65.00075000000001,40,0,0,0
Javagal Srinath,883.0,69.9090082644628,121,0,0,25
Sahan H T Kandamby,870.0,70.40114285714287,35,0,2,1
Mark A Vermeulen,868.0,61.45511627906976,43,0,1,4
David J Richardson,868.0,69.3387012987013,77,0,0,7
Hemang K Badani,867.0,73.34666666666666,36,1,0,1
Keiron A Pollard,867.0,88.12658536585366,41,0,1,5
Tom L W Cooper,864.0,73.31111111111112,18,1,1,0
Thilan T Samaraweera,862.0,64.58738095238094,42,2,0,4
Dennis L Amiss,859.0,64.05499999999999,18,4,0,0
Roger A Harper,855.0,72.01616438356162,73,0,0,8
Wayne B Phillips,852.0,92.18682926829268,41,0,0,2
Charles W J Athey,848.0,44.79266666666667,30,2,0,1
Ruwan S Kalpage,844.0,68.79449275362317,69,0,0,3
Maitipage A R Samarasekera,844.0,60.15384615384615,39,0,0,2
Darren Ganga,843.0,46.79205882352941,34,0,0,5
Kyle D Mills,843.0,82.0947435897436,78,0,0,8
Brian M McMillan,841.0,62.27307692307692,52,1,0,3
Alvin I Kallicharran,826.0,58.48999999999999,28,0,0,0
David W Hookes,826.0,59.650555555555556,36,0,0,3
Eric S Szwarczynski,825.0,65.0444117647059,34,0,0,1
Joseph R Ratnayeke,824.0,50.504347826086956,69,0,0,6
Graham N Yallop,823.0,62.87481481481482,27,0,0,1
Charles K Coventry,819.0,73.17058823529412,34,1,0,5
Andrew C Waller,818.0,64.65394736842104,38,0,0,4
Geraint O Jones,815.0,77.2280487804878,41,0,0,2
Yusuf K Pathan,810.0,95.88536585365853,41,2,0,7
Craig Kieswetter,809.0,87.9982142857143,28,1,0,3
John M Davison,799.0,88.97906249999998,32,1,0,5
Alexei N Kervezee,794.0,62.48941176470588,34,0,1,2
Aminul Islam,794.0,48.278717948717954,39,0,0,5
Peter W Borren,791.0,67.24348837209301,43,0,1,5
George B Hogg,790.0,74.3663076923077,65,0,0,12
Robin V Uthappa,786.0,82.45323529411765,34,0,0,4
Majid Khan,786.0,68.77727272727272,23,1,0,1
Sidath Wettimuny,786.0,43.07636363636363,33,0,0,1
Irvine H Romaine,783.0,57.32235294117647,34,1,0,5
Raman Lamba,783.0,57.24774193548387,31,1,0,2
Wasim Raja,782.0,57.78688888888889,45,0,0,7
Zaheer Khan,781.0,69.04949494949494,99,0,0,19
Edmund C Joyce,777.0,56.59964285714285,28,1,0,1
Salim Yousuf,768.0,66.62225806451613,62,0,0,9
Craig Neil Evans,764.0,61.53297872340427,47,0,1,3
Keith W R Fletcher,757.0,64.17818181818183,22,1,0,0
Darren M Bravo,757.0,61.823214285714286,28,0,0,3
John Dyson,755.0,45.2,27,0,0,1
Graeme Fowler,744.0,53.14615384615384,26,0,0,2
Manzoor Elahi,741.0,88.01804347826086,46,0,0,1
Abdool M Samad,738.0,69.25037037037036,27,1,0,2
Timothy D Paine,737.0,64.41615384615386,26,1,0,1
Christopher J Nevin,732.0,61.63555555555555,36,0,0,4
Andrew R White,731.0,64.06547619047618,42,0,0,4
Christopher J Tavare,720.0,44.40178571428572,28,0,0,1
Grant D Elliott,716.0,62.37571428571429,28,1,0,4
Mark A Ealham,716.0,59.129333333333335,45,0,0,4
Ian J Harvey,715.0,80.5356862745098,51,0,0,2
Saqlain Mushtaq,711.0,55.72520408163264,98,0,0,17
Mitchell G Johnson,708.0,94.55516666666666,60,0,0,6
Rizwan Cheema,707.0,86.52366666666667,30,0,1,3
Luke J Wright,701.0,83.60199999999999,35,0,0,3
Philo A Wallace,701.0,49.07999999999999,33,1,0,4
Sean M Ervine,698.0,76.4685294117647,34,1,0,5
Jehan Mubarak,696.0,53.90222222222223,36,0,0,3
Patrick L Symcox,694.0,75.45537037037037,54,0,0,7
Phillip A J De Freitas,690.0,86.22469696969695,66,0,0,5
Ravindra A Jadeja,687.0,74.81142857142856,28,0,0,5
Johannes A Morkel,680.0,97.72368421052632,38,0,1,1
Junior R Murray,678.0,58.65944444444445,36,0,0,4
Pathiv A Patel,676.0,76.0807142857143,28,0,1,1
Muttiah Muralitharan,674.0,68.61635802469137,163,0,0,41
Ian M Chappell,673.0,72.43062499999999,16,0,0,0
Douglas A Marillier,672.0,61.587804878048765,41,1,0,4
Darren J G Sammy,672.0,85.60775510204081,49,0,0,4
Timothy T Bresnan,669.0,91.62295454545453,44,0,0,3
Upul C Hathurusinghe,669.0,43.033636363636354,33,0,0,3
Naeem Islam,666.0,76.68024999999997,40,0,0,4
Andre C Botha,666.0,61.80289473684212,38,0,0,5
John F Mooney,665.0,83.24027777777778,36,0,0,3
Callum J Ferguson,663.0,81.86200000000002,25,0,0,0
Alex R Cusack,652.0,55.86029411764705,34,0,0,5
Mohammad Shahzad,652.0,73.16,16,3,0,1
David T Johnston,646.0,95.92136363636361,44,0,0,3
Sadagopan Ramesh,646.0,52.63708333333333,24,0,0,3
Abdur Razzak,646.0,62.05696202531646,79,0,0,11
K M D Nuwan Kulasekara,645.0,68.56777777777778,63,0,0,10
Qasim Omar,642.0,47.47677419354839,31,0,0,3
Abdul Qadir,641.0,68.64926470588236,68,0,0,10
David L Hemp,641.0,60.54227272727273,22,1,0,4
Curtly E L Ambrose,639.0,61.534374999999976,96,0,0,19
Gavin J Rennie,635.0,62.90842105263159,38,0,0,5
John F Reid,633.0,56.76541666666668,24,0,0,0
Asad Shafiq,630.0,63.25476190476189,21,0,0,2
Roger M H Binny,629.0,54.444489795918365,49,0,0,6
Gavin Rolf Larsen,629.0,62.45742857142854,70,0,0,7
Arnoldus M Blignaut,626.0,79.16878048780488,41,0,0,3
Dion J Nash,624.0,63.55169811320754,53,0,0,3
Dipak N Patel,623.0,65.07555555555555,63,0,0,6
Gregory R J Matthews,619.0,64.18660000000001,50,0,0,5
Woorkeri V Raman,617.0,37.36185185185186,27,1,1,6
Sheik F A F Bacchus,612.0,63.5926923076923,26,0,0,2
Rumesh J Ratnayake,612.0,81.45981818181818,55,0,0,5
Darren Gough,609.0,62.06149425287356,87,0,0,14
Adam J Hollioake,606.0,70.34733333333334,30,0,0,1
Johan Botha,604.0,90.22306122448978,49,0,0,3
Fawad Alam,603.0,71.1508,25,0,0,1
Roland I C Holder,599.0,60.22451612903225,31,0,0,4
Robert T Robinson,597.0,52.08576923076922,26,0,0,2
Bruce M Laird,594.0,44.428695652173914,23,1,1,0
Mansoor Akhtar,593.0,52.98514285714285,35,0,0,1
Wayne Larkins,591.0,43.6575,24,1,0,3
Lionel O B Cann,590.0,99.70399999999998,25,0,0,3
Sunil B Joshi,584.0,86.45533333333331,45,0,0,4
Rodney T Latham,583.0,50.98757575757575,33,0,0,3
Craig R Ervine,581.0,69.71238095238097,21,0,0,2
Bradley J Hodge,575.0,60.10904761904761,21,1,2,3
Michael J R Rindel,575.0,59.05318181818182,22,1,0,1
Tushar Imran,574.0,43.72775000000001,40,0,0,8
Craig White,568.0,56.85560975609756,41,0,0,10
Daan L S van Bunge,564.0,57.329999999999984,27,0,0,2
Kiran S More,563.0,68.2087692307692,65,0,0,6
Aamer Malik,556.0,50.136956521739116,23,0,0,1
Gregory S Blewett,551.0,56.023,30,0,0,3
Travis J Friend,548.0,56.50692307692308,39,0,1,7
Terrence Duffin,546.0,47.51,23,0,0,1
Mohammad Wasim,543.0,39.727599999999995,25,0,0,4
Adrian P Kuiper,539.0,94.68173913043479,23,0,0,0
Peter Willey,538.0,54.10208333333335,24,0,0,3
Martin C Snedden,535.0,59.07407407407407,54,0,0,8
Ian S Billcliff,532.0,54.06947368421052,19,0,1,0
Athar Ali Khan,532.0,44.87736842105262,19,0,0,3
Naved-ul-Hasan,524.0,86.24215686274506,51,0,0,6
Lee K Germon,519.0,61.777096774193545,31,0,0,2
Nehemiah N Odhiambo,514.0,62.60744680851062,47,0,0,9
Keith M Dabengwa,514.0,60.69264705882353,34,0,0,4
Kevin D Walters,513.0,66.89333333333336,24,0,0,1
Praveen K Amre,513.0,64.86933333333333,30,0,0,1
Dirk P Viljoen,512.0,51.30046511627907,43,0,0,8
John G Bracewell,512.0,70.36744186046512,43,0,0,6
Narsingh Deonarine,510.0,69.05578947368421,19,0,0,0
John M Brearley,510.0,39.86666666666666,24,0,0,6
Anthony O Suji,506.0,49.88847826086956,46,0,0,2
Taufeeq Umar,505.0,48.53681818181819,22,0,0,0
Paul R Reiffel,503.0,69.44333333333333,57,0,0,5
John E Emburey,501.0,75.38,45,0,0,3
Janeiro J Tucker,496.0,68.64653846153846,26,0,0,1
David J Callaghan,493.0,60.737999999999985,25,1,0,2
Naimuir Rahman,488.0,58.07407407407407,27,0,0,3
James W M Dalrymple,487.0,61.18500000000001,26,0,0,2
Anderson C Cummins,486.0,76.42510204081631,49,0,0,6
Michael R J Veletta,484.0,64.40315789473685,19,0,0,2
Ashif A Mulla,482.0,80.43333333333332,24,0,0,2
Darren J Reekers,481.0,98.33526315789473,19,1,0,3
Barney G Rogers,478.0,51.352666666666664,15,0,0,2
Dean A Minors,478.0,65.777,20,0,0,1
Shane Lee,477.0,90.62028571428573,35,0,0,3
Ahmed Shehzad,477.0,56.87684210526315,19,2,0,2
Carlisle A Best,473.0,65.5986956521739,23,1,0,2
Andrew J Bichel,471.0,80.76833333333335,36,0,0,5
Tom N de Grooth,467.0,54.857333333333344,30,0,1,1
Kane S Williamson,466.0,64.600625,16,2,0,3
Ashantha L F De Mel,466.0,75.20073170731705,41,0,0,6
Ashok Malhotra,457.0,68.2336842105263,19,0,0,0
Wesley Barresi,457.0,59.285263157894754,19,0,0,3
Mudassar Bukhari,456.0,75.80178571428573,28,0,0,3
Chetan Sharma,456.0,93.39771428571429,35,1,0,3
Graeme P Swann,455.0,91.9046511627907,43,0,0,2
Geoffrey E F  Barnett,455.0,57.573181818181816,22,0,0,1
Minhajul Abedin,453.0,41.68076923076923,27,0,0,3
Nathan L McCullum,450.0,77.32874999999999,24,0,0,2
Mehrab Hossain,449.0,49.03166666666666,18,1,0,2
Rana M Haq,445.0,56.53541666666667,24,0,0,1
Tony E Blain,442.0,62.82842105263157,38,0,0,7
Sampathawudage A R Silva,441.0,44.4655,20,0,0,1
Gundappa R Viswanath,439.0,50.36391304347826,23,0,0,1
James P Maher,438.0,61.77149999999999,20,0,1,1
Peter L Taylor,437.0,76.24127659574471,47,0,0,5
Ali H Omarshah,437.0,49.55892857142857,28,0,0,4
Dipak N Chudasama,434.0,58.8936842105263,19,1,0,2
Malcolm N Waller,434.0,75.16499999999999,20,0,1,2
Craig J McDermott,432.0,72.76833333333333,78,0,0,18
Colin J O Smith ,432.0,57.443599999999996,25,0,0,3
Mohammad Nabi,429.0,92.01625000000001,16,0,0,1
Derek R Pringle,425.0,69.152,30,0,0,3
Ajay K Sharma,424.0,82.73074074074074,27,0,0,2
Robert C Russell,423.0,79.47903225806449,31,0,0,0
Rakeep R Patel,419.0,50.89920000000001,25,0,1,3
Andre R Adams,419.0,88.98176470588236,34,0,0,2
Seren Waters,419.0,49.801500000000004,20,0,0,2
Carlton S Baugh,418.0,66.67066666666668,30,0,0,1
Courtney O Browne,415.0,67.603125,32,0,0,3
Gary B Brent,408.0,65.51629629629629,54,0,0,5
Clayton B Lambert,407.0,72.19583333333334,12,1,0,1
Ian R Bishop,405.0,72.42522727272727,44,0,0,4
Eddo A Brandes,404.0,86.45243902439022,42,0,0,3
Forster Mutizwa,403.0,71.414,15,0,0,2
Ian D Blackwell,403.0,71.21758620689656,29,0,0,6
Jeremy P Bray,401.0,46.63066666666668,15,2,0,2
Sharma Madan Lal,401.0,62.12342857142856,35,0,0,1
Ronald G De Alwis,401.0,80.83925925925925,27,0,0,2
Timotheus B M de Leede,400.0,50.52000000000001,25,0,0,4
W Saman Jayantha,400.0,61.91235294117647,17,0,0,2
Mushtaq Ahmed,399.0,63.4582894736842,76,0,0,18
Desmond R Chumney,397.0,70.67999999999999,21,0,0,0
Hiral Patel ,395.0,75.9222222222222,18,0,0,1
Shoaib Akhtar,394.0,59.31119047619046,84,0,0,23
Adam C  Voges,392.0,89.34714285714286,14,0,0,0
Thilan Thushara,392.0,82.78333333333333,27,0,0,5
Stuart C J  Broad,392.0,61.19958333333332,48,0,0,9
Farhad Reza,390.0,54.745172413793114,29,0,0,4
Peter J Ongondo,389.0,63.75709677419354,62,0,0,13
Richard D Berrington,387.0,78.4388888888889,18,0,0,2
Ashley F Giles,385.0,66.13685714285714,35,0,0,5
Nawroz Mangal,384.0,82.79823529411765,17,0,0,1
Kyle J Coetzer,384.0,83.22444444444444,9,0,0,1
Hannan Sarkar,383.0,41.655,20,0,0,2
Sadiq Mohammad,383.0,45.37473684210527,19,0,0,0
Dirk M Wellham,379.0,57.102941176470594,17,0,1,0
Mark H Dekker,379.0,47.31636363636364,22,0,0,0
Geoffrey F Lawson,378.0,66.04038461538462,52,0,0,12
Umar Bhatti,378.0,77.88466666666666,30,0,0,3
Amarbir S Hansra,377.0,60.039375,16,0,0,0
Alviro N Petersen,377.0,79.47250000000001,12,0,0,0
Mark R Ramprakash,376.0,66.40777777777777,18,0,0,1
Xavier M Marshall,375.0,57.63041666666667,24,1,0,5
Colin A Ingram,374.0,87.32272727272728,11,2,0,0
Clairmonte C Lewis,374.0,81.5035,40,0,0,6
Al Sahariar Rokon,374.0,45.983793103448285,29,0,0,6
Syed M H Kirmani,373.0,53.28064516129031,31,0,0,2
Dandeniyage S De Silva,371.0,55.27448275862068,29,0,0,0
Sewnarine Chattergoon,370.0,49.10941176470588,17,0,0,2
Raymond W Price,366.0,55.80392857142857,56,0,0,11
Asghar Stanikzai,366.0,49.087058823529404,17,0,0,1
Warrick M Darling,363.0,54.65277777777777,18,0,0,0
Shahriar Hossain,362.0,35.38,20,0,1,4
Saba Karim,362.0,60.66777777777778,27,0,0,3
Noor Ali Zadran,362.0,69.87769230769231,13,1,0,0
William K McCallan,361.0,70.37357142857142,28,0,0,6
Mushfiqur Rahman,360.0,48.64959999999999,25,0,0,4
Ronald C Irani,360.0,64.15633333333331,30,0,0,7
Brijal J Patel,360.0,36.56399999999999,25,0,0,4
Alistair D Brown,354.0,64.613125,16,1,0,2
Nasir Jamshed,353.0,84.91,12,0,0,1
Wajahatullah Wasti,349.0,42.12733333333334,15,0,0,1
L Dinesh Chandimal,348.0,77.99,12,2,0,1
Zahid Fazal,348.0,60.95499999999999,18,0,1,0
Robert D B Croft,345.0,73.85972222222222,36,0,0,4
Gallage P Wickremasinghe,344.0,60.45703124999999,64,0,0,13
Demuni N T Zoysa,343.0,81.76808510638298,47,0,0,8
Ajinkya M Rahane,340.0,67.31,10,0,1,1
Hrishikesh H Kanitkar,339.0,70.21518518518518,27,0,0,2
Christopher M Old,338.0,74.33359999999999,25,0,0,4
Steven D Outerbridge,338.0,45.53739130434783,23,0,0,4
Bevan E Congdon,338.0,58.120000000000005,9,1,0,0
Tapash Baisya,336.0,61.0929268292683,41,0,0,4
Nathan M Hauritz,336.0,90.65999999999998,32,0,0,2
Mark G Burgess,336.0,58.11600000000001,20,0,0,1
Neil T Broom,333.0,50.55954545454545,22,0,0,6
Morne N van Wyk,331.0,60.50692307692308,13,0,0,3
Saleem Mukuddem,331.0,46.08888888888889,18,0,0,3
Manjural Islam Rana,331.0,53.28238095238095,21,0,0,1
Asif Iqbal,330.0,69.60499999999999,8,0,0,0
Zubin E Surkari,328.0,48.29090909090908,22,0,0,1
David J Capel,327.0,65.24526315789474,19,0,0,0
Michael H Yardy,326.0,68.11375000000001,24,0,0,1
Mluleki L Nkala,324.0,52.47171428571428,35,0,0,5
Richard P Snell,322.0,91.76107142857141,28,0,0,2
Klass-Jan J van Noortwijk,322.0,68.78555555555556,9,1,0,1
Courtney A Walsh,321.0,62.70848101265821,79,0,0,19
Richard B McCosker,320.0,34.33785714285714,14,0,1,2
Douglas R Brown,319.0,70.84958333333334,24,0,0,3
Harry P Rinke,319.0,57.671666666666674,18,0,0,2
Steven P D Smith,317.0,93.93833333333333,18,0,0,2
Alexander G Cremer,316.0,65.83481481481482,27,0,0,1
Liam E Plunkett,315.0,90.95880000000001,25,0,0,2
Mohammad Sami,314.0,72.52934782608693,46,0,0,9
Faisal Iqbal,314.0,47.503125,16,1,0,3
Barry Wood,314.0,47.304999999999986,12,0,0,1
Nixon A M McLean,314.0,71.1464705882353,34,0,0,7
Blair R Hartland,311.0,42.833749999999995,16,0,0,1
Roy C Fredericks,311.0,61.30666666666667,12,1,0,0
Nikhil Chopra,310.0,61.82384615384616,26,0,0,1
Ben C Hollioake,309.0,63.34294117647058,17,0,0,3
Nafis Iqbal,309.0,47.894999999999996,16,0,0,1
Samit R Patel,306.0,91.42846153846155,13,0,0,0
Dale M Benkenstein,305.0,58.30249999999999,20,0,0,3
Separamadu L Malinga,303.0,73.9242222222222,45,0,0,13
Lungile L  Bosman,301.0,76.44666666666667,12,0,0,2
Christopher M W Read,300.0,62.67875000000001,24,0,0,5
Samiullah Shenwari,300.0,65.64,12,0,0,0
Winston K M Benjamin,298.0,66.3151923076923,52,0,0,13
Paul A Nixon,297.0,89.3161111111111,18,0,0,2
Zahoor Elahi,297.0,39.32071428571429,14,0,0,3
Derek N Crookes,296.0,62.22043478260869,23,0,0,3
Deryck L Murray,295.0,64.14444444444445,18,0,0,0
Daryl R Tuffey,295.0,64.78461538461538,52,0,0,13
Andrew J Pycroft,295.0,42.922105263157896,19,0,0,2
Adrian Barath,294.0,51.537,10,1,0,1
Shane E Bond,292.0,70.22425,40,0,0,5
Dermot A Reeve,291.0,75.92952380952381,21,0,0,0
Rawl N Lewis,291.0,87.04142857142857,21,0,0,2
Sanwar Hossain,290.0,50.18925925925925,27,0,0,2
Chandrakant S Pandit,290.0,61.96608695652175,23,0,0,3
Karim Sadiq ,290.0,55.92666666666666,15,1,0,3
Jason N Gillespie,289.0,61.819743589743574,39,0,0,9
Francois du Plessis,288.0,85.7375,12,0,0,0
Llorne G Howell,287.0,55.49166666666665,12,0,0,1
Ian D R Bradshaw,287.0,50.79941176470588,34,0,0,7
Kevin M Curran,287.0,59.65090909090909,11,0,0,1
Victor J Marks,285.0,60.81583333333334,24,0,0,0
David Lloyd,285.0,42.306250000000006,8,1,0,0
Umar Gul,284.0,57.54261904761905,42,0,0,8
Lucas P van Troost,284.0,60.128499999999995,20,0,0,3
John A R Blain,282.0,66.704,26,0,0,3
Michael A Holding,282.0,51.40952380952382,42,0,0,12
Collis L King,280.0,86.24142857142856,14,0,0,2
Reetinder S Sodhi,280.0,68.09285714285714,14,0,0,0
Aldesh V Vadher,278.0,50.086875000000006,16,0,0,1
Praveen Kumar,276.0,75.23935483870967,31,0,0,3
Mehrab Hossain Jr,276.0,35.95,16,0,0,1
Adam M Bacher,270.0,50.5,13,0,0,0
Anthony W Greig,269.0,76.15526315789472,19,0,0,1
Kirtivardhan Azad,269.0,58.03190476190478,21,0,0,3
Anshuman D Gaekwad,269.0,41.99928571428571,14,0,0,2
Joseph L Denly,268.0,63.357777777777784,9,0,0,0
Aaqib Javed,267.0,64.44254901960784,51,0,0,11
David A Miller,267.0,94.6076923076923,13,0,0,1
Michael H Denness,264.0,70.1,11,0,0,1
Sandeep Jyoti,264.0,37.79615384615384,13,1,0,3
Naved Latif,262.0,53.41545454545455,11,1,0,1
Kenneth J Wadsworth,258.0,65.715,10,1,0,1
Mahela L Udawatte,257.0,52.16333333333333,9,0,0,1
Andre D S Fletcher,256.0,54.21533333333333,15,0,0,2
Sameer S Dighe,256.0,52.07588235294117,17,0,1,2
Ross Edwards,255.0,61.91625,8,0,0,1
Sanjeeva Ranatunga,253.0,45.666363636363634,11,0,0,0
Nikita O Miller,252.0,82.11916666666669,24,0,0,5
John F M Morrison,252.0,54.30466666666667,15,0,0,0
Iain P Butchart,252.0,52.95937500000001,16,0,0,2
Jekon Edness,252.0,56.67818181818182,11,0,0,1
Ruvindu Gunasekera,251.0,50.54583333333334,12,0,0,1
James A H Marshall,250.0,45.999,10,1,0,2
Clive T Radley,250.0,61.775,4,1,0,0
Sohail Tanvir,249.0,86.08454545454548,22,0,0,2
Andrew R Caddick,249.0,67.8457894736842,38,0,0,6
Graeme F Labrooy,249.0,67.4811111111111,36,0,0,6
Robert H Vance,248.0,41.379999999999995,8,0,1,0
John M Parker,248.0,48.340999999999994,21,0,0,1
Richard B Reid,248.0,50.68444444444444,9,0,0,0
Martin A Suji,247.0,45.57711538461538,52,0,0,12
Alan Turner,247.0,84.51666666666667,6,1,0,0
Adrian D Mascarenhas,245.0,93.72846153846154,13,0,0,2
Qaiser Ali,244.0,46.771764705882354,17,0,0,3
Steven M Davies,244.0,96.055,8,0,0,1
Brijesh P Patel,243.0,57.57111111111111,9,0,0,0
Navdeep S Poonia,243.0,36.305238095238096,21,0,0,7
Paul R Downton,242.0,68.70750000000001,20,0,0,2
Hasan Raza,242.0,39.9476923076923,13,0,0,1
Michael J Di Venuto,241.0,86.72222222222223,9,0,0,0
Craig M Wright,240.0,71.32333333333332,18,0,0,2
Dennis K Lillee,240.0,69.1714705882353,34,0,0,8
Suraj Randiv,239.0,61.379333333333335,15,0,0,2
Conganige R D Fernando,239.0,49.08210526315789,57,0,0,14
Joel Garner,238.0,59.31224999999999,40,0,0,7
Kevin J Arnott,238.0,43.19916666666666,12,0,0,0
George R Codrington,236.0,60.82666666666666,15,0,0,1
Khurram Manzoor,236.0,46.78142857142858,7,0,0,1
Gareth J Hopkins,236.0,63.46588235294115,17,0,0,3
Enamul Haque,236.0,56.219230769230776,26,0,0,1
John P Crawley,235.0,45.5525,12,0,0,2
Iftikhar Anjum,234.0,73.46147058823529,34,0,0,5
Philip Mustard,233.0,96.773,10,0,0,0
Robin J Peterson,231.0,83.99260869565217,23,0,0,4
Anderson M E Roberts,231.0,61.396562499999995,32,0,0,5
Trevor M Chappell,229.0,46.916923076923084,13,1,0,2
Shaul H U Karnain,229.0,52.18117647058824,17,0,0,2
Aasif Y Karim,228.0,46.232499999999995,24,0,0,7
Travis M Dowlin,228.0,37.77545454545455,11,1,0,3
Merwyn V Dillon,227.0,53.45921568627451,51,0,0,13
Andrew M J Hilditch,226.0,47.849999999999994,8,0,0,0
Brendon P Julian,224.0,81.49058823529411,17,0,0,4
Keith R Stackpole,224.0,63.21333333333334,6,0,0,0
John H Edrich,223.0,58.681666666666665,6,0,0,0
Hiren A Varaiya,223.0,54.67333333333334,33,0,0,2
Wasim Bari,221.0,64.48653846153846,26,0,0,0
Bapu K Venkatesh Prasad,221.0,57.53571428571427,63,0,0,18
Sarfraz Nawaz,221.0,51.01225806451613,31,0,0,7
Yalaka Venugopal Rao,218.0,51.03818181818181,11,0,0,2
Douglas R Lockhart,218.0,65.35727272727273,11,0,0,1
Eric O Simons,217.0,75.93111111111111,18,0,0,1
Franklyn A Rose,217.0,71.42521739130434,23,0,0,2
Vijay Dahiya,216.0,58.683333333333344,15,0,0,2
Harvir S Baidwan,215.0,65.4921052631579,19,0,0,3
Warren K Lees,215.0,71.58874999999999,24,0,0,1
Nehemiah O Perry,212.0,55.346875000000004,16,0,0,2
Champaka P H Ramanayake,210.0,59.71142857142858,35,0,0,8
Kaushal S Lokuarachchi,210.0,65.28333333333335,18,0,0,2
David A Warner,210.0,58.30899999999999,10,0,0,1
Tahir Naqqash,210.0,68.0213043478261,23,0,0,6
Mushtaq Mohammad,209.0,56.831111111111106,9,0,0,0
Gordon D Drummond,207.0,100.10625,16,0,0,1
Michael H W Papps,207.0,49.63666666666666,6,0,1,0
David L Bairstow,206.0,63.291999999999994,20,0,0,1
Paul E McEwan,204.0,61.51,15,0,0,0
Preston L Mommsen,204.0,50.973,10,0,0,0
Jerome E Taylor,204.0,72.98133333333334,30,0,0,5
Andrew D Poynter,201.0,43.355,12,0,0,4
Alan P E Knott,200.0,73.85714285714286,14,0,0,2
Andries J Burger,199.0,102.55166666666668,6,0,0,0
James M Anderson,199.0,35.03507936507937,63,0,0,21
Ravi Rampaul,199.0,66.06884615384615,26,0,0,5
Moin-Ul-Atiq,199.0,55.138,5,1,0,0
Makhaya Ntini,199.0,52.81595744680851,47,0,0,16
Nathan W Bracken,198.0,62.80114285714287,35,0,0,7
Gregory A Lamb,197.0,60.20357142857142,14,0,0,1
Ijaz Faqih,197.0,44.59684210526316,19,0,0,4
Murali Vijay,196.0,63.295454545454554,11,0,0,0
Suresh A Perera,195.0,57.70692307692308,13,0,0,2
Vikram S Rathore,193.0,60.16857142857144,7,0,0,0
Peter J Ingram ,193.0,89.54857142857142,7,0,0,0
Akram Raza,193.0,70.8512,25,0,0,5
Christopher Pringle,193.0,66.73,41,0,0,6
Clay J Smith,192.0,56.785,12,0,0,3
Duncan A G Fletcher,191.0,53.87166666666667,6,0,0,0
Trevor N Madondo,191.0,42.78846153846154,13,0,0,2
Saadat Ali,184.0,49.10857142857144,7,0,0,0
Eldine A E Baptiste,184.0,77.01249999999999,16,0,0,0
John A Rennie,183.0,47.00884615384616,26,0,0,7
Samantha I De Saram,183.0,70.89461538461539,13,0,0,0
Andre D Russell,181.0,97.29375,8,0,1,1
Jeffrey R Thomson,181.0,58.43033333333333,30,0,0,5
Bandula Warnapura,180.0,34.16583333333333,12,0,0,1
William F Stelling,180.0,57.44727272727273,11,0,0,1
Sanjay B Bangar,180.0,50.970000000000006,15,0,0,3
Dominic G Cork,180.0,53.8942857142857,21,0,0,5
Mazhar Hussain,179.0,54.91142857142857,7,0,0,0
Dale M Richards,179.0,62.089999999999996,8,0,0,0
Regis W Chakabva,176.0,60.05800000000001,10,0,0,2
Surinder C Khanna,176.0,53.160000000000004,10,0,0,1
Gregory C Dyer,174.0,74.19,13,0,0,1
Bruce R Blair,174.0,77.10571428571428,14,0,0,2
Martyn D Moxon,174.0,45.535000000000004,8,0,0,1
Graham R J Roope,173.0,48.32125,8,0,0,1
Simon B Doull,172.0,75.74,27,0,0,6
Hasibul Hussain,172.0,62.24538461538462,26,0,0,4
Trevin C Bastiampillai,172.0,59.84727272727273,11,0,0,1
Daniel K Morrison,171.0,53.32604651162791,44,0,0,12
Roland P Lefebvre,171.0,64.28,11,0,0,0
B M A Jeevan Mendis,171.0,74.95083333333334,12,0,0,0
Petrus S De Villiers,170.0,54.728611111111114,36,0,0,15
N L Thissara C  Perera,170.0,96.74071428571428,14,0,0,1
Shabir Noori,169.0,46.606249999999996,8,0,1,2
Richard A Jones,168.0,48.958000000000006,5,0,0,0
Andrew Richard Whittall,168.0,70.42057142857142,35,0,0,7
Jeroen Smits,168.0,39.098421052631586,19,0,0,4
John E Morris,167.0,69.32375,8,0,0,0
Richard S Gabriel,167.0,42.663636363636364,11,0,0,2
Justin L Ontong,167.0,74.63799999999999,15,0,0,1
Mohammad Amir,167.0,50.72666666666666,12,0,0,3
Daniel R Flynn,167.0,43.416923076923084,13,0,0,3
Haroon Rashid,166.0,45.997,10,0,0,0
Anthony McGrath,166.0,43.12583333333333,12,0,0,1
Donovan E S Maxwell,166.0,65.44800000000001,10,0,0,1
Tawanda Mupariwa,165.0,47.76892857142857,28,0,0,8
Ghulam A Parkar,165.0,45.722,10,0,0,0
Jan F Kloppenburg,165.0,44.050000000000004,6,1,0,1
Rohan B Kanhai,164.0,60.81,5,0,0,0
Ramesh R Powar,163.0,54.76842105263159,19,0,0,2
Timothy G Southee,162.0,75.00925925925927,27,0,0,6
Mahendra V Nagamootoo,162.0,83.51944444444445,18,0,0,2
Justin T C Vaughan,162.0,63.345000000000006,16,0,0,0
Sanjeewa K L de Silva,161.0,80.70833333333333,6,0,0,0
Craig D Cumming,161.0,43.35076923076924,13,0,0,3
Sylvester C Joseph,161.0,41.54818181818182,11,0,0,2
Peter E Cantrell,160.0,54.474000000000004,5,0,0,0
Justin L Langer,160.0,101.38,7,0,0,0
Kaushalya Weeraratne,160.0,92.87666666666665,10,0,0,0
C Malinga Bandara,160.0,65.62058823529412,17,0,0,3
Saleem Raza,159.0,86.57666666666667,6,0,0,0
Jacob J Martin,158.0,43.57875000000001,8,0,0,1
Atul C Bedade,158.0,69.44200000000001,10,0,0,0
Jahurul Islam,156.0,68.135,6,0,0,0
Matthew P Maynard,156.0,59.48583333333334,12,0,0,1
Moneeb M Iqbal,156.0,54.67999999999999,10,0,0,2
Ian J Gould,155.0,55.40357142857143,14,0,0,2
Clifton J Richards,154.0,52.338125,16,0,0,3
Mohammad Hussain,154.0,99.06083333333333,12,0,0,1
Garry J Cosier,154.0,74.72571428571429,7,0,0,1
Kirk A Edwards,153.0,48.586666666666666,9,0,0,2
Edgar Schiferli,153.0,76.89894736842105,19,0,0,4
Chetandra P S Chauhan,153.0,45.52428571428572,7,0,0,0
Anura N Ranasinghe,153.0,81.06875,8,0,0,2
Aaron J Redmond,152.0,61.6,6,0,0,0
Damien W Fleming,152.0,56.832580645161286,31,0,0,9
Rohan S Gavaskar,151.0,69.959,10,0,0,0
Mark W Alleyne,151.0,55.94749999999999,8,0,0,0
Brian F Hastings,151.0,51.74111111111111,9,0,0,1
Neil A Foster,150.0,76.97160000000001,25,0,0,3
Graham D Barlow,149.0,37.593333333333334,6,0,0,2
Amay R Khurasiya,149.0,69.53181818181818,11,0,0,1
Joshua H Davey,149.0,60.68125,8,0,0,0
Khalid Latif,147.0,60.132000000000005,5,0,0,1
Gregory M Strydom,147.0,48.339,10,0,0,2
David Williams,147.0,52.13956521739131,23,0,0,5
Shawn E Findlay,146.0,74.1425,8,0,0,0
Rikki Clarke,144.0,47.588461538461544,13,0,0,2
Dulip K Liyanage,144.0,73.69454545454545,11,0,0,0
Lamech N Onyango,144.0,73.75888888888888,18,0,0,3
Malachy B Loye,142.0,65.70714285714286,7,0,0,1
Dave Langford-Smith,142.0,90.62588235294118,17,0,0,3
Khurram Chohan,142.0,58.60647058823528,17,0,0,2
Christopher M Kuggeleijn,142.0,56.58,11,0,0,1
Craig R Matthews,141.0,62.30181818181818,22,0,0,4
Ottis D Gibson,141.0,79.01545454545455,11,0,0,1
David E Bernard,141.0,62.23166666666666,12,0,0,1
Vincent J Wells,141.0,63.07857142857143,7,0,0,0
Ashish Nehra,141.0,55.55608695652174,46,0,0,13
Shahid Saeed,141.0,37.335,10,0,0,0
Dale W Steyn,141.0,61.21181818181819,22,0,0,4
Angus R C Fraser,141.0,60.89650000000002,20,0,0,3
Atse F Buurman,140.0,78.23363636363636,11,0,0,2
Julien M Wiener,140.0,36.81285714285714,7,0,0,0
Kenneth H MacLeay,139.0,83.7176923076923,13,0,0,0
Matthew V Fleming,139.0,95.99800000000002,10,0,0,1
Ellawalakankanamage De Silva,138.0,56.4775,20,0,0,2
Graham N Edwards,138.0,62.53833333333333,6,0,0,1
Rodney M Hogg,137.0,59.778857142857134,35,0,0,8
Anura P B Tennekoon,137.0,53.095,4,0,0,1
Robert J Bailey,137.0,74.4075,4,0,0,0
Sunil R D Wettimuny,136.0,62.596666666666664,3,0,0,0
Vijay R R Bhardwaj,136.0,64.80555555555556,9,0,0,1
Geoffrey Miller,136.0,38.915000000000006,18,0,0,4
Lawrence G Rowe,136.0,43.30875,8,0,0,0
Nitish R Kumar ,135.0,41.42444444444445,9,0,0,0
Patrick A Browne,134.0,74.89800000000001,5,0,0,0
Arshad Khan,133.0,57.18034482758622,29,0,0,7
Matthew D Bell,133.0,45.19142857142857,7,0,0,0
Ryan J Sidebottom,133.0,73.93888888888888,18,0,0,2
Rajesh K Chauhan,132.0,59.46555555555556,18,0,0,5
Daniel Keulder,132.0,40.34,6,0,0,1
Usman Limbada,132.0,69.25142857142856,7,0,0,0
Bazid Khan,131.0,38.54,5,0,0,1
Mannava S K Prasad,131.0,52.10727272727272,11,0,0,2
Robert J Nicol,131.0,69.68666666666667,3,1,0,0
Timothy J Zoehrer,130.0,71.51066666666665,15,0,0,2
Nasir Hossain,130.0,78.878,5,0,0,1
Robert W Taylor,130.0,41.86235294117647,17,0,0,2
Rodney J Trott,130.0,44.09,10,0,0,1
Sajid Ali,130.0,46.01833333333334,12,0,0,0
Frank C Hayes,128.0,54.173333333333325,6,0,0,0
Trevor E Jesty,127.0,49.861,10,0,0,2
Douglas T Hondo,127.0,41.927241379310345,30,0,0,10
Andre Nel,127.0,85.7390909090909,22,0,0,5
Murali Kartik,126.0,59.07928571428572,14,0,0,1
Saeed Ajmal,126.0,46.06310344827587,29,0,0,8
Dhiman Ghosh,126.0,49.038333333333334,12,0,0,3
Thelston R O Payne,126.0,59.665000000000006,4,0,0,0
Charith P Senanayake,126.0,54.419999999999995,7,0,0,1
Philip A Jaques,125.0,38.89166666666667,6,0,1,1
Laurie R Williams,124.0,50.627692307692314,13,0,0,2
Alester Maregwede,124.0,47.2590909090909,11,0,0,1
Martin van Jaarsveld,124.0,59.444285714285705,7,0,0,1
Anthony I C Dodemaide,124.0,93.145,16,0,0,1
Johanne A Samarasekera,124.0,51.93666666666666,6,0,0,0
Grant A Paterson,123.0,31.441000000000003,10,0,0,1
Ravichandran Ashwin,123.0,84.02090909090909,11,0,0,3
Brenton A Parchment,122.0,50.55285714285714,7,0,0,0
Chris R M Douglas,122.0,55.765,2,0,0,0
Arun Lal,122.0,35.76153846153846,13,0,0,4
Rajesh L Bhudia,122.0,99.52000000000001,5,0,0,0
Sandeep K Gupta,121.0,44.075,10,0,0,3
Gerald J A F Aponso,120.0,41.57749999999999,4,0,0,0
Lakshmipathy Balaji,120.0,72.184375,16,0,0,3
Shahid Mahboob,119.0,47.92166666666666,6,0,0,1
Vijay Yadav,118.0,76.27,12,0,0,2
Jeremy N Snape,118.0,67.78714285714285,7,0,0,0
Daren B Powell,118.0,44.622,25,0,0,8
Ewen J Chatfield,118.0,33.064166666666665,48,0,0,18
Floyd L Reifer,117.0,46.73500000000001,8,0,0,0
David H Brain,117.0,58.873333333333335,18,0,0,2
Ngonidzashe B Mahwire,117.0,49.99368421052632,19,0,0,3
Morne Morkel,116.0,60.78368421052631,19,0,0,4
Wayne D Parnell,116.0,71.85875,8,0,0,1
Azam Khan,116.0,58.7,5,0,0,0
Arshad Ayub,116.0,68.16058823529413,17,0,0,2
Phillippe H Edmonds,116.0,58.68055555555557,18,0,0,4
Tausif Ahmed,116.0,50.71759999999999,25,0,0,7
Glenn D McGrath,115.0,39.576617647058825,68,0,0,32
Gagan K Khoda,115.0,57.705,2,0,0,0
Graham R Dilley,114.0,56.30111111111111,18,0,0,5
Karsan D Ghavri,114.0,60.260625000000005,16,0,0,1
Farokh M Engineer,114.0,53.53,4,0,0,0
Darren L Maddy,113.0,41.95499999999999,6,0,0,1
Naved Anjum,113.0,65.25666666666667,12,0,0,1
Malachi O Jones,113.0,63.25999999999999,12,0,0,1
Russell D M Leverock,112.0,43.002631578947366,19,0,0,2
Mark J Cosgrove,112.0,80.38333333333333,3,0,0,0
Hasan Jamil,111.0,110.292,5,0,0,0
Manoj K Tiwary,110.0,75.2642857142857,7,0,0,0
Robin D Brown,110.0,26.861428571428572,7,0,0,0
Rashid Khan,110.0,70.98733333333332,15,0,0,1
Christopher L Smith,109.0,42.325,4,0,0,0
Sulieman J Benn,109.0,70.18375,16,0,0,3
Mark G Burmester,109.0,59.57857142857142,7,0,0,0
Steven John Rhodes,107.0,61.879999999999995,8,0,0,1
B Ajantha W Mendis,106.0,58.23346153846153,26,0,0,9
Geoffrey Cook,106.0,36.76499999999999,6,0,0,0
Christopher R Foggo,106.0,67.0825,4,0,0,0
Faruk Ahmed,105.0,32.23571428571429,7,0,0,1
Trevor J Laughlin,105.0,64.414,5,0,0,0
Peter M Toohey,105.0,76.7075,4,0,0,0
Rudra P  Singh Jr,104.0,45.6455,20,0,0,4
Corey D Collymore,104.0,40.452571428571424,35,0,0,12
Brendan P Nash,104.0,81.35571428571427,7,0,0,0
Mark W Priest,103.0,40.58142857142857,14,0,0,2
Jeffrey W Wilson,103.0,71.47166666666666,6,0,0,1
Shafiul Islam,102.0,47.23000000000001,21,0,0,6
Wayne Robert James,101.0,37.458749999999995,8,0,0,1
Tabarak Dar,101.0,58.24249999999999,4,0,0,0
Timothy A Lloyd,101.0,42.61666666666667,3,0,0,0
Ryan O Hinds,101.0,61.20666666666667,9,0,0,0
Ellukutige R N S Fernando,101.0,54.077999999999996,5,0,0,2
Gary B Troup,101.0,62.241666666666674,12,0,0,2
Arshad Laeeq,101.0,40.565,6,0,0,1
Shahzaib Hasan,100.0,85.91666666666667,3,0,0,0
Neil M K Smith,100.0,78.68833333333333,6,0,0,0
Steven Elworthy,100.0,70.68499999999999,16,0,0,3
Surinder Amarnath,100.0,68.74333333333333,3,0,0,0
Mervyn G Hughes,100.0,67.35058823529413,17,0,0,5
Adrian F G Griffith,99.0,35.9675,8,0,0,1
Brian C Rose,99.0,47.185,2,0,0,0
Leon V Garrick,99.0,39.74666666666666,3,0,0,0
Ishwar Maraj,98.0,27.743333333333336,6,0,0,2
Evan J Gray,98.0,44.215714285714284,7,0,0,0
Suhrawadi Shuvo,98.0,83.668,10,0,0,0
Gladstone C Small,98.0,46.725833333333334,24,0,0,8
Mohammad Ishaq,98.0,68.886,5,0,0,0
Delyone C Borden,98.0,47.93363636363636,11,0,0,2
Gary J Crocker,98.0,71.338,5,0,0,0
Arvindah L Kandappah,97.0,59.29,2,0,0,0
Gavin M Ewing,97.0,53.69714285714286,7,0,0,2
Robert B Kerr,97.0,42.457499999999996,4,0,0,0
Manzoor Akhtar,97.0,66.195,4,0,0,0
Martin P Bicknell,96.0,79.82833333333333,6,0,0,1
Azhar Hossain,96.0,32.06428571428572,7,0,0,0
Keegan O Meth,96.0,46.129999999999995,8,0,0,2
Amjad Ali,96.0,101.505,2,0,0,0
Henry K Olonga,95.0,45.4974074074074,27,0,0,9
Kwame Tucker,95.0,36.529999999999994,12,0,0,1
Allan A Donald,95.0,31.213749999999997,40,0,0,18
Vasbert C Drakes,94.0,40.6935294117647,17,0,0,5
Gerhardus F J Liebenberg,94.0,50.112500000000004,4,0,0,0
Tinashe Panyangara,94.0,36.07333333333333,21,0,0,6
Peter M Seelar,94.0,52.74947368421053,19,0,0,7
Kabir Ali,93.0,65.15222222222222,9,0,0,2
Syed Abid Ali,93.0,67.41666666666667,3,0,0,0
Mark R Gillespie,93.0,63.58857142857143,14,0,0,3
Khuram Khan,93.0,49.9625,4,0,0,0
Ross T Lyons ,92.0,82.29142857142857,14,0,0,3
Brian C Strang,92.0,36.166923076923084,26,0,0,9
Vijay Mehra,92.0,44.06666666666667,6,0,0,0
Stephen G Peall,91.0,45.658666666666676,15,0,0,4
Stephen J Harmison,91.0,56.0344,25,0,0,7
Joseph V Harris,91.0,44.68666666666666,6,0,0,0
Dulip P Samaraweera,91.0,45.685,4,0,0,0
Ajay Ratra,90.0,66.38499999999999,8,0,0,0
Jonathan M Bairstow,90.0,77.086,5,0,0,0
Bryan G Murgatroyd,90.0,46.145,6,0,0,2
Nazimuddin,90.0,56.08428571428572,7,0,0,0
Johannes J van der Wath,89.0,77.9125,8,0,0,3
Aamer Hanif,89.0,70.295,4,0,0,0
Michael J Smith,89.0,33.294999999999995,10,0,0,1
Raees Ahmadzai,88.0,65.405,4,0,0,0
Athanasios J Traicos,88.0,45.32764705882353,17,0,0,4
Vakkadai B Chandrasekhar,88.0,53.93714285714286,7,0,0,0
Jeetan S Patel,88.0,48.408461538461545,13,0,0,3
Anil Dalpat,87.0,54.221000000000004,10,0,0,2
Mohammad Tauqir,87.0,66.5725,4,0,0,0
Karun Jethi,87.0,106.36666666666667,3,0,0,0
Alan D Mullally,86.0,36.858000000000004,25,0,0,8
Richard M Ellison,86.0,68.80083333333333,12,0,0,0
Everton H Mattis,86.0,43.35,2,0,0,0
William Watson,86.0,49.582916666666655,24,0,0,5
Bernard D Julien,86.0,53.315000000000005,8,0,0,1
Paul J C  Hoffmann,85.0,81.62714285714287,14,0,0,4
Kevin A D Hurdle,85.0,94.92153846153846,13,0,0,3
Pubudu B Dassanayake,85.0,80.604,10,0,0,0
Sajid I Mahmood,85.0,68.01066666666665,15,0,0,4
Gregor I Maiden,84.0,58.37333333333333,6,0,0,1
Shaukat F Dukanwala,84.0,67.82750000000001,4,0,0,0
Ian G Butler,84.0,42.783846153846156,13,0,0,4
Vinothen B John,84.0,48.94421052631579,19,0,0,4
Mohammad Younis Ahmed,84.0,54.205,2,0,0,0
Kim J Barnett,84.0,57.53,1,0,0,0
Robert G D Willis,83.0,63.49090909090909,22,0,0,5
Alec G Davies,83.0,47.959999999999994,5,0,0,1
Reinhardt Strydom,83.0,51.46833333333333,6,0,0,0
Gulam H Bodi,83.0,74.235,2,0,0,0
Omari A C Banks,83.0,63.104,5,0,0,0
John W Hastings,82.0,97.17333333333335,9,0,0,2
Ramesh R David,82.0,43.23333333333333,3,0,0,0
Richard D Robinson,82.0,50.28,2,0,0,0
Deon B Kotze,82.0,76.71333333333332,6,0,0,0
Louis J Koen,82.0,40.062,5,0,0,1
Mahbubul Alam,81.0,107.88499999999999,2,0,0,0
Glenn A Rogers,81.0,50.096250000000005,8,0,0,1
Sridharan Sriram,81.0,54.59571428571428,7,0,0,1
Syed Rasel,81.0,41.11629629629629,27,0,0,8
Jai P Yadav,81.0,31.76571428571429,7,0,0,4
Peter W E Rawson,80.0,53.10375,8,0,0,1
Sanjeev K Sharma,80.0,49.93416666666668,12,0,0,2
Wahab Riaz,80.0,60.61933333333333,15,0,0,6
Trevor R Gripper,80.0,40.1575,8,0,0,1
Shahadat Hossain,79.0,38.256,26,0,0,9
Maxwell H N Walker,79.0,41.92636363636364,11,0,0,2
Leon R Johnson,79.0,57.919999999999995,3,0,0,0
Subramaniam Badrinath,79.0,45.64166666666666,6,0,0,0
Calum S Macleod,78.0,44.46714285714285,7,0,0,2
Mark W Rushmere,78.0,44.235,4,0,0,0
Michael H Tissera,78.0,47.03333333333333,3,0,0,0
Adam C Dale,78.0,60.847500000000004,12,0,0,1
Martin F Kent,78.0,71.91799999999999,5,0,0,0
Loku Hettige D Dilhara,77.0,75.8625,8,0,0,1
Luke Ronchi,76.0,180.95,2,0,0,0
Abdur Rehman,75.0,53.12642857142857,14,0,0,4
Andrew P Sheahan,75.0,60.086666666666666,3,0,0,0
Shingirai W Masakadza,75.0,99.47749999999999,4,0,0,0
Nigel G Jones,74.0,65.14999999999999,9,0,0,1
Yasir Arafat,74.0,65.72625,8,0,0,1
Munaf M Patel,74.0,48.28592592592594,27,0,0,10
Michael S Kasprowicz,74.0,65.86769230769231,13,0,0,4
Fidel H Edwards,73.0,45.794090909090905,22,0,0,4
Vernon D Philander,73.0,88.63999999999999,5,0,0,0
Roger Telemachus,73.0,63.692,15,0,0,2
Glenroy R Sealy,73.0,52.52,3,0,0,0
Craig S Serjeant,73.0,44.02666666666667,3,0,0,0
Charl K Langeveldt,73.0,64.52285714285713,21,0,0,6
Ervin B McSweeney,73.0,61.02571428571429,14,0,0,3
Ajit L Wadekar,73.0,78.35,2,0,0,0
Thomas G Hogan,72.0,57.00666666666667,12,0,0,2
Brian A Murphy,72.0,54.61764705882353,17,0,0,2
Sandanand Viswanath,72.0,61.22083333333334,12,0,0,0
Oliver L Pitcher,72.0,29.094,5,0,0,1
Glenn Blakeney,72.0,117.85499999999999,2,0,0,0
Christopher J Adams,71.0,35.652499999999996,4,0,0,0
Mirwais Ashraf,71.0,64.21000000000001,7,0,0,1
Stuart R Gillespie,70.0,59.547272727272734,11,0,0,2
Ryan D Steede,70.0,58.792857142857144,7,0,0,0
Shuvagata Hom,70.0,68.79333333333334,3,0,0,0
Kenneth E D Carroll,70.0,49.65833333333333,6,0,0,1
Devon C Thomas,70.0,49.044285714285714,7,0,0,1
Stuart R Clark,69.0,66.08,12,0,0,2
Ashraf Ali,69.0,48.77222222222222,9,0,0,1
Alan C Dawson,69.0,159.79285714285714,7,0,0,0
Yohan Goonasekera,69.0,78.01666666666667,3,0,0,0
Shikhar Dharwan,69.0,42.212,5,0,0,1
George Dockrell,68.0,68.46076923076924,13,0,0,4
Timothy J G  Gruitjers,68.0,48.9075,4,0,0,0
Oli J Hairs,68.0,62.476,5,0,0,0
Fiqre S Crockwell,68.0,101.94500000000001,2,0,0,0
Mohammad Sheikh,68.0,58.85933333333333,15,0,0,2
Richard K Illingworth,68.0,67.58363636363637,11,0,0,0
Stephen J Cook,67.0,46.6225,4,0,0,1
Sean G Davies,67.0,32.1725,4,0,0,0
Javed Ahmadi,67.0,54.378,5,0,0,0
Victor Pollard,67.0,42.730000000000004,2,0,0,0
Hendrik J Mol,67.0,37.5,9,0,0,2
Paul R Adams,66.0,46.43222222222222,9,0,0,4
Raymond J Bright,66.0,46.472500000000004,8,0,0,2
Akhtar Sarfraz,66.0,65.02250000000001,4,0,0,0
Oronde Bascombe,65.0,42.115,6,0,0,0
Saeed Azad,65.0,44.6575,4,0,0,0
Richard G Petrie,65.0,55.22,8,0,0,1
Kenneth C G Benjamin,65.0,71.15153846153846,13,0,0,3
Reon D King,65.0,26.573913043478264,23,0,0,9
Keith F Semple,64.0,33.96333333333333,6,0,0,0
Vanburn A Holder,64.0,95.235,6,0,0,1
Frank D M Karunaratne,64.0,65.155,2,0,0,0
Henry Osinde,63.0,29.696666666666665,27,0,0,13
Peter D McGlashan,63.0,105.55000000000001,2,0,0,0
Mohammad Q Sheikh,63.0,38.86333333333334,6,0,0,0
Rana Omer Hussain,63.0,38.26875,8,0,0,0
Sangarange D Anurasiri,62.0,44.708333333333336,18,0,0,5
Steven T Finn,62.0,45.8725,8,0,0,3
Shaheedur Rahman,62.0,56.87,2,0,0,0
Peter G Coman,62.0,46.26666666666667,3,0,0,1
Cameron E Cuffy,62.0,35.447272727272725,22,0,0,8
Regan M West,61.0,123.3625,4,0,0,1
Derek R Parry,61.0,75.78999999999999,5,0,0,0
Dolar Mahmud,61.0,89.72,4,0,0,2
Dominic S Wesonga,61.0,48.9425,4,0,0,0
Matthew N Hart,61.0,58.003750000000004,8,0,0,1
Stephanus J Myburgh,61.0,87.83500000000001,2,0,0,0
Shakeel Ahmed (Jr),61.0,48.54,2,0,0,0
Edward O Odumbe,61.0,37.964285714285715,7,0,0,0
Errol L R Stewart,61.0,47.671666666666674,6,0,0,0
James D Love,61.0,51.03333333333333,3,0,0,0
Azhar Saeed,61.0,24.648571428571426,7,0,0,1
Humayun Farhat,60.0,92.51666666666667,3,0,0,0
Adil U Rashid,60.0,113.9875,4,0,0,0
James J Celestine,60.0,34.697500000000005,8,0,0,1
John A Jameson,60.0,39.47333333333333,3,0,0,0
Sylvester T Clarke,60.0,79.6525,8,0,0,2
Neil C McGarrell,60.0,54.586,10,0,0,2
Grant E Bradburn,60.0,42.411,10,0,0,2
Matthew A Parker,59.0,67.26875,8,0,0,0
Abdul Jabbar,59.0,67.305,2,0,0,0
Kemar A J Roach,59.0,49.29941176470588,17,0,0,6
W Dorakanti Balaji Rao,59.0,59.32375,8,0,0,0
Gazi Ashraf,59.0,24.31714285714286,7,0,0,1
Bruce Yardley,58.0,47.94500000000001,4,0,0,1
Roland O Butcher,58.0,60.35666666666666,3,0,0,0
Melt van Schoor,58.0,62.507999999999996,5,0,0,0
George Salmond,57.0,44.56,5,0,0,0
Ehsanul Haque,57.0,39.16166666666667,6,0,0,1
Keith D Boyce,57.0,75.66499999999999,4,0,0,0
Frasat Ali,57.0,24.383333333333336,3,0,0,1
Sohail Fazal,56.0,99.28999999999999,2,0,0,0
John K Lever,56.0,38.29454545454545,11,0,0,2
Ryan S Haire,56.0,53.964999999999996,2,0,0,0
Sirimewan K Ranasinghe,55.0,42.94333333333333,3,0,0,1
Edward C Rainsford,55.0,47.35304347826086,23,0,0,7
Mark W Douglas,55.0,35.55833333333333,6,0,0,1
Steven J Palframan,55.0,62.95,4,0,0,0
Tafadzwa V Mufambisi,55.0,60.785,6,0,0,0
Srinivasaghavan Venkataraghavan,54.0,36.281111111111116,9,0,0,2
Brian J McKechnie,54.0,34.6475,8,0,0,2
Jatin V Paranjpe,54.0,53.735,4,0,0,0
Arshad Ali,54.0,43.88,4,0,0,1
Robert W T Key,54.0,33.982,5,0,0,1
Robin D Jackman,54.0,53.59777777777778,9,0,0,2
Mohammad Iqbal,54.0,71.014,5,0,0,1
Ryan J Campbell,54.0,80.975,2,0,0,0
Robert G Samuels,54.0,69.054,5,0,0,0
Ramesh K Sethi,54.0,23.09,3,0,0,0
Manjural Islam,53.0,30.423636363636366,22,0,0,8
Mafizur Rahman,53.0,60.175,4,0,0,0
Derek L Underwood,53.0,40.59538461538462,13,0,0,3
Timycen Maruma,53.0,45.16142857142857,7,0,0,1
Ashley J Woodcock,53.0,79.1,1,0,0,0
Irfan A Karim,53.0,94.60499999999999,2,0,0,0
Ghulam Ali,53.0,36.24666666666666,3,0,0,0
Ratnayake A P Nissanka,53.0,49.5523076923077,13,0,0,2
Mohammed Sharif,53.0,43.321111111111115,9,0,0,2
Tino L Best,52.0,69.09875000000001,8,0,0,0
Tamahau K Canning,52.0,55.732499999999995,4,0,0,1
James E Brinkley,52.0,34.496,5,0,0,1
Christopher S Cowdrey,51.0,92.06,3,0,0,1
Balwinder S Sandhu,51.0,42.23714285714285,7,0,0,2
Deep Dasgupta,51.0,48.2525,4,0,0,1
Anthony H Gray,51.0,61.30818181818183,11,0,0,2
Adnan Akmal,51.0,78.545,2,0,0,0
Christopher T Tremlett,50.0,45.27272727272728,11,0,0,3
Jack G Heron,50.0,29.36666666666667,6,0,0,1
Douglas E Bollinger,50.0,70.555,8,0,0,2
Danza P Hyatt,50.0,59.484,5,0,0,0
Johnathan Lewis,50.0,81.9775,8,0,0,0
Nolan E Clarke,50.0,30.32,5,0,0,2
Ian M Stanger,50.0,32.708000000000006,5,0,0,0
Philip A Horne,50.0,31.630000000000003,4,0,0,1
Subroto T Banerjee,49.0,102.194,5,0,0,0
Maninder Singh,49.0,45.81388888888888,18,0,0,4
Kalutarage Eric A Upashantha,49.0,67.75999999999999,8,0,0,0
Calvert K Hooper,49.0,97.47,5,0,0,1
Wayne W Daniel,49.0,76.766,5,0,0,1
Dammika Ranatunga,49.0,23.8,4,0,0,1
Bruce A Reid,49.0,47.14190476190476,21,0,0,2
Dennis B Close,49.0,87.68333333333334,3,0,0,0
Devang J Gandhi,49.0,55.663333333333334,3,0,0,0
Marcelis M C Schewe,49.0,81.37,4,0,0,0
Gary K Robertson,49.0,90.76833333333333,6,0,0,1
Zafar Iqbal,48.0,76.83166666666666,6,0,0,1
Geoffrey G Arnold,48.0,42.473333333333336,6,0,0,2
Michael G Vandort,48.0,41.02,1,0,0,0
John J Whitaker,48.0,58.17,2,0,0,0
John H Hampshire,48.0,59.50333333333333,3,0,0,0
Pieter C Strydom,48.0,31.13375,8,0,0,2
Zulqarnain Haider,48.0,81.2375,4,0,0,0
Meyrick W Pringle,48.0,70.88499999999999,8,0,0,1
Sarandeep Singh,47.0,63.8725,4,0,0,0
Austin Codrington,47.0,48.682500000000005,8,0,0,2
Franklym A Dennis,47.0,24.25666666666667,3,0,0,0
Edward R Fernando,47.0,79.62666666666667,3,0,0,0
Ishant Sharma,47.0,30.546875,16,0,0,6
Brooke G K Walker,47.0,60.06142857142857,7,0,0,0
Jawahir Shah,46.0,32.86666666666667,3,0,0,0
Ian R Redpath,46.0,52.58599999999999,5,0,0,1
Michael R Swart,46.0,37.165,4,0,0,1
David A Murray,45.0,44.72571428571428,7,0,0,1
Paul J Wiseman,45.0,70.6242857142857,7,0,0,1
Azeem Hafeez,45.0,46.201,10,0,0,3
Gavin R Robertson,45.0,74.2242857142857,7,0,0,0
Sanjayan Thuraisingam,45.0,39.592222222222226,9,0,0,2
Morne Karg,45.0,54.480000000000004,2,0,0,0
Vaughan R Brown,44.0,72.16333333333333,3,0,0,0
Mahawaduge D K Perera,44.0,46.3625,4,0,0,0
Balfour P Patterson,44.0,43.801,20,0,0,4
Rory D McCann,44.0,55.794,5,0,0,1
Nicholas A De Groot,44.0,18.916666666666668,6,0,0,3
Golam Faruq,44.0,39.59,4,0,0,0
Shanthakumaran Sreesanth,44.0,37.390952380952385,21,0,0,6
Ashok V Mankad,44.0,72.13,1,0,0,0
Riaz H Poonawala,44.0,104.75999999999999,2,0,0,0
Graham B Stevenson,43.0,65.11500000000001,4,0,0,0
Mark B S Jonkman,43.0,64.7325,8,0,0,1
Wilfred N Slack,43.0,45.995000000000005,2,0,0,0
Henderson R Bryan,43.0,58.85,8,0,0,1
Stephan J Swanepoel,43.0,43.356,5,0,0,0
Aashish R Kapoor,43.0,42.050000000000004,6,0,0,3
Kandage H R K Fernando,43.0,40.642,5,0,0,1
Faisal Hossain,43.0,49.714,5,0,0,1
Ryan J Harris,43.0,78.33272727272728,11,0,0,4
Marthinus J Fourie,42.0,114.478,5,0,0,0
Mark H Richardson,42.0,43.4375,4,0,0,1
Hamid Hassan,42.0,41.56249999999999,8,0,0,2
Gary J Gilmour,42.0,113.63499999999999,2,0,0,0
Hamza Tariq,42.0,53.416666666666664,3,0,0,0
Anwar Hossain (2),42.0,39.62,1,0,0,0
John N Maguire,42.0,49.92272727272727,11,0,0,1
Steven R Welsh,42.0,79.80666666666666,3,0,0,0
Azmat Rana,42.0,65.475,2,0,0,0
Stewart P Heaney,41.0,46.3275,4,0,0,0
Paul A Hitchcock,41.0,95.60000000000001,7,0,0,1
James J Atkinson ,41.0,55.0,2,0,0,0
Pragyan P Ojha,41.0,36.654444444444444,9,0,0,3
Mehmood Quaraishy,41.0,29.793333333333333,3,0,0,0
Shafiq Ahmed,41.0,38.236666666666665,3,0,0,0
James S Foster,41.0,64.40333333333334,6,0,0,0
Peter Connell,40.0,43.547999999999995,5,0,0,1
Elijah Otieno,40.0,18.73,15,0,0,8
Stephen J Rixon,40.0,42.156666666666666,6,0,0,1
Gordon Goudie,40.0,52.22,9,0,0,3
Dayle R Hadlee,40.0,41.277142857142856,7,0,0,3
Malhar L Patel,40.0,30.09,3,0,0,1
Michael R Whitney,40.0,56.35923076923078,13,0,0,2
Ajmal Shahzad,40.0,94.155,8,0,0,0
Reiout H Scholte,39.0,27.508000000000003,5,0,0,0
Mohammad Iqbal Qasim,39.0,34.747142857142855,7,0,0,2
David R Gilbert,39.0,52.63999999999999,8,0,0,0
Roelof E van der Merwe,39.0,86.78428571428572,7,0,0,1
Zulfiqar Ali,39.0,43.166666666666664,3,0,0,0
Leonard S Pascoe,39.0,24.951818181818183,11,0,0,4
Karunakalage S C de Silva,39.0,41.886842105263156,19,0,0,9
Christopher R Woakes,39.0,64.5375,4,0,0,1
Gavin A Briant,39.0,53.35,5,0,0,1
Neil Kruger,39.0,43.405,2,0,0,0
Ramveer Rai,39.0,31.45,1,0,0,0
Graham D Lloyd,39.0,28.416000000000004,5,0,0,2
Timothy B A May,39.0,67.57583333333334,12,0,0,2
Shiv S Das,39.0,56.247499999999995,4,0,0,0
Khaliq Dad,39.0,37.615,4,0,0,1
Sudhir S Naik,38.0,56.67,2,0,0,0
Samuel Walusimbi,38.0,29.80666666666667,3,0,0,0
Najeeb Aamer,38.0,49.644999999999996,4,0,0,1
Christopher J D Chappell,38.0,27.116666666666664,3,0,0,0
George H O'Brien,38.0,67.14,7,0,0,2
Christopher B Mpofu,38.0,32.90212121212121,33,0,0,13
Peter J Martin,38.0,93.46461538461539,13,0,0,1
Mohammad Aslam,38.0,73.2025,4,0,0,0
Piyush P Chawla,38.0,75.075,12,0,0,2
Peter N Webb,38.0,56.34400000000001,5,0,0,0
Hammad Azam,38.0,40.97,3,0,0,0
David J White,37.0,38.45666666666667,3,0,0,0
Malcolm P Jarvis,37.0,85.76,5,0,0,0
H D R Lahiru Thirimanne,37.0,81.53999999999999,2,0,0,0
Saiful Islam,37.0,57.834999999999994,5,0,0,0
Ryan  McLaren,37.0,52.86874999999999,8,0,0,2
Shahid Anwar,37.0,84.09,1,0,0,0
Salim Jaffer,36.0,47.98461538461539,13,0,0,3
Azeem R Pitcher,36.0,27.474999999999998,4,0,0,0
Maurits M A Jonkman,36.0,61.71,3,0,0,0
Ganesh Mylvaganam,36.0,29.959999999999997,3,0,0,1
Lazaro O Tikolo,36.0,46.96,2,0,0,0
Jamie O Troughton,36.0,42.07000000000001,5,0,0,1
Jan H Stander,36.0,65.15,4,0,0,1
Kevin T Sandher,36.0,43.283,10,0,0,2
Pulasthi W Gunaratne,36.0,45.49625,8,0,0,2
Michael F Malone,36.0,48.291428571428575,7,0,0,1
Karuppiahyage R Pushpakumara,36.0,53.34444444444444,9,0,0,2
Robert B Simpson,36.0,66.735,2,0,0,0
Duncan I Allan,35.0,44.965,2,0,0,0
Joginder Sharma,35.0,132.82333333333335,3,0,0,0
Basnayake S M Warnapura,35.0,34.63,3,0,0,1
William B Rankin,35.0,27.490714285714287,14,0,0,5
Geoffrey Dymock,35.0,45.69714285714286,7,0,0,1
Alex R Tait,35.0,82.6,5,0,0,0
Nazmul Hossain,35.0,31.900952380952383,21,0,0,9
Maurits W A van Nierop,35.0,58.56999999999999,2,0,0,0
Shaun D Udal,35.0,83.16285714285713,7,0,0,1
Junaid Siddiqui,35.0,43.76666666666667,3,0,0,1
Hasan Durham,35.0,34.324285714285715,7,0,0,1
Mpumelelo Mbangwa,34.0,49.033846153846156,13,0,0,6
Timothy Smart,34.0,34.085,2,0,0,0
Mohammad Asif,34.0,37.231249999999996,16,0,0,6
Richard O Collinge,34.0,49.85333333333333,9,0,0,2
Bruce N French,34.0,38.951249999999995,8,0,0,2
Carl G Rackeman,34.0,35.562222222222225,18,0,0,9
Umar Amin,34.0,58.04333333333333,3,0,0,0
Ata-Ur-Rehman,34.0,40.371538461538464,13,0,0,4
Atiq-Uz-Zaman,34.0,133.86333333333334,3,0,0,0
Ian D Austin,34.0,70.82833333333333,6,0,0,0
Alfred S Luseno,34.0,44.30222222222222,9,0,0,4
Salil A Ankola,34.0,59.887692307692305,13,0,0,5
Rohan P Alexander,34.0,41.94,2,0,0,0
Treadwell Gibbons,33.0,19.41,2,0,0,1
Lalith W Kaluperuma,33.0,58.07333333333332,3,0,0,0
Rodney J McCurdy,33.0,42.025,6,0,0,1
Gerald E Peckover,33.0,57.98666666666666,3,0,0,0
Rajiv R Kulkarni,33.0,78.362,5,0,0,0
Atul S Wassan,33.0,67.16833333333332,6,0,0,1
Sagi L Venkatapathy Raju,32.0,41.91375,16,0,0,6
Bradley P Kruger,32.0,63.673333333333325,3,0,0,0
Terence M Alderman,32.0,23.691666666666666,18,0,0,10
Sarfraz Ahmed,32.0,51.36666666666667,3,0,0,0
Rudi E Bryson,32.0,134.58249999999998,4,0,0,0
James D Siddons,32.0,86.48,1,0,0,0
Sikander Bakht,31.0,35.480909090909094,11,0,0,4
Gary C Martin,31.0,43.63,4,0,0,0
Johann D Nel,31.0,49.015,10,0,0,3
Mandy Yachad,31.0,40.25,1,0,0,0
Mohamed N Nawaz,31.0,44.07,3,0,0,0
Bishen S Bedi,31.0,41.05,7,0,0,1
Hettiarachige M Goonatillake,31.0,57.595,4,0,0,0
Roger D Woolley,31.0,91.91666666666667,3,0,0,0
Richard W Sims,31.0,70.0,2,0,0,0
Paul W Jarvis,31.0,58.31875,8,0,0,2
Bradley E Young,31.0,79.24666666666667,3,0,0,0
Irvine T Shillingford,30.0,74.785,2,0,0,0
Basil L D'Oliveira,30.0,68.655,4,0,0,0
Kieran O A  Powell,30.0,34.25666666666667,3,0,0,1
Benjamin A Stokes,30.0,52.71333333333334,3,0,0,0
Edward E Hemmings,30.0,53.82833333333334,12,0,0,2
Manoj Cheruparambil,30.0,34.09,2,0,0,1
John C B Vaughan,30.0,25.813333333333333,3,0,0,1
Pedro T Collins,30.0,44.50416666666667,12,0,0,4
Anthony J Ireland,30.0,37.98692307692308,13,0,0,4
Gareth J Batty,30.0,52.436249999999994,8,0,0,2
Stephen L Boock,30.0,62.498571428571424,7,0,0,2
Thudellage C B Fernando,29.0,49.54,10,0,0,2
Andrew Balbirnie,29.0,28.56,4,0,0,0
Antony R M Opatha,29.0,42.589999999999996,3,0,0,1
Dominick I Joyce,29.0,36.943333333333335,3,0,0,1
Josephat Ababu,29.0,26.802,5,0,0,2
Kevin J Wright,29.0,51.08,2,0,0,0
Imran Abbas,29.0,31.415,2,0,0,0
Saqib Ali,29.0,53.489999999999995,2,0,0,0
Benjamin W Hilfenhaus,29.0,40.892857142857146,7,0,0,1
Adeel Raja,28.0,18.046666666666667,12,0,0,5
Taslim Arif,28.0,49.0,2,0,0,0
Debashish S Mohanty,28.0,28.13,11,0,0,6
Abhimanyu Mithun,28.0,64.67,2,0,0,0
Winston W Davis,28.0,47.86,5,0,0,1
Kamran Hussain,28.0,133.33,1,0,0,0
James D Hall,28.0,36.35,3,0,0,0
H A Prasanna W Jayawardene,27.0,49.998000000000005,5,0,0,1
Eknath D Solkar,27.0,41.975,6,0,0,1
Jacobi Robinson,27.0,66.365,2,0,0,0
Mujahid Jamshed,27.0,56.666666666666664,3,0,0,0
Bjorn L Kotze,27.0,24.8525,4,0,0,2
Mohsin Kamal,27.0,61.305,6,0,0,1
Brad A Williams,27.0,33.806666666666665,6,0,0,3
James C Tredwell,27.0,46.74333333333333,3,0,0,0
Kyle M Jarvis,27.0,35.5625,8,0,0,3
Thomas J Heggelman,27.0,28.434000000000005,5,0,0,0
William M Lawry,27.0,55.1,1,0,0,0
Trevor J Franklin,27.0,22.78333333333333,3,0,0,1
Zakir Khan,27.0,71.398,5,0,0,0
Tyson G Gordon,27.0,48.786,5,0,0,0
Rudolph J van Vuuren,26.0,34.736000000000004,5,0,0,3
Sultan Zarawani,26.0,34.57666666666666,6,0,0,1
Abey Kuruvilla,26.0,58.33181818181819,11,0,0,1
Zain Abbas,26.0,48.14,1,0,0,0
Robert C Haynes,26.0,26.25,6,0,0,3
Mudhsuden S Panesar,26.0,25.546249999999997,8,0,0,2
Shanan L Stewart,26.0,48.385,4,0,0,0
Pervez Mir,26.0,55.28666666666667,3,0,0,0
Brendon J Diamanti,26.0,118.18,1,0,0,0
Barry G Hadlee,26.0,34.21,2,0,0,0
Burton O van Rooi,26.0,68.27666666666666,3,0,0,1
Wasim Haider,26.0,40.13,2,0,0,0
Tareq Aziz,26.0,35.0225,8,0,0,2
Clive E B Rice,26.0,73.285,2,0,0,0
Timothy G Shaw,26.0,54.94,6,0,0,2
Deighton C Butler,25.0,60.855000000000004,4,0,0,1
Irfan Ahmed,25.0,29.065,2,0,0,1
Richard J Blakey,25.0,25.51,2,0,0,1
Geert-Maarten C Mol,25.0,50.96,4,0,0,0
Maurice L C Foster,25.0,40.32,1,0,0,0
Jawad J Dawood,25.0,131.57,1,0,0,0
Sridharan Jeganathan,25.0,50.18750000000001,4,0,0,0
Shem O Ngoche,25.0,33.32,8,0,0,3
Shaun W Tait,25.0,52.379999999999995,7,0,0,3
Ashish Patel,25.0,86.2,1,0,0,0
Nasir Ahmed,25.0,46.355,4,0,0,0
Shahid Nazir,25.0,80.89999999999999,8,0,0,3
Saleem Altaf,25.0,48.33,2,0,0,0
Alexander N French,24.0,30.355,2,0,0,0
Michael J Mason,24.0,61.64142857142857,7,0,0,2
Rafiqul Alam,24.0,41.275,2,0,0,0
Naeem Ashraf,24.0,120.51,2,0,0,0
Steven W Lubbers,24.0,84.7025,4,0,0,0
Nic Pothas,24.0,58.53,1,0,0,0
Murphy L Su'A,24.0,42.92857142857143,7,0,0,0
Mark R Benson,24.0,41.37,1,0,0,0
Salahuddin Ahmed,24.0,13.703999999999999,5,0,0,1
John P R Lamsam,24.0,50.19,2,0,0,0
Sudath P Pasqual,24.0,69.22999999999999,2,0,0,0
Tirotenda M K Mawoyo,24.0,42.650000000000006,2,0,0,0
Shaun F Graf,24.0,42.01833333333334,6,0,0,1
Shayne B O'Connor,24.0,42.910000000000004,13,0,0,5
Asim Butt,23.0,65.8325,4,0,0,0
Alvin E Greenidge,23.0,69.69,1,0,0,0
Johann Louw,23.0,328.57,1,0,0,0
Andrew J Penn,23.0,75.07,3,0,0,0
Vivek Razdan,23.0,73.24333333333334,3,0,0,0
Hamish A G Anthony,23.0,61.10666666666666,3,0,0,1
Joseph O Angara,23.0,31.549090909090907,11,0,0,4
James O Ngoche,23.0,13.75,8,0,0,5
Hasti Gul,23.0,209.09,1,0,0,0
Steve J Massiah,23.0,27.38,2,0,0,1
Rubel Hossain,23.0,31.391666666666666,18,0,0,8
Eion Katchay,23.0,67.19,3,0,0,0
Sairaj V Bahutule,23.0,54.485,4,0,0,1
Shafiuddin Ahmed,22.0,29.136000000000003,10,0,0,6
Ungamandadige N K Fernando,22.0,78.78,2,0,0,0
Colin M Wells,22.0,45.974999999999994,2,0,0,0
Bruce R Taylor,22.0,52.38,1,0,0,0
Mohammad Salman,22.0,35.39333333333334,3,0,0,1
Dean W Headley,22.0,51.78,6,0,0,1
Afzaal Haider,22.0,15.2775,4,0,0,3
Robert A Woolmer,21.0,39.105000000000004,4,0,0,1
Ali Asad,21.0,50.32,2,0,0,0
Jason Patraj,21.0,38.885,2,0,0,0
Peter M Siddle,21.0,131.66500000000002,4,0,0,0
Bharathi Arun,21.0,75.39,3,0,0,0
Derek A Stirling,21.0,56.188,5,0,0,0
Shaheed Keshvani,21.0,58.33,2,0,0,0
Arachchige W R Madurasinghe,21.0,38.85333333333333,6,0,0,0
Iain L Philip,20.0,14.463333333333333,3,0,0,1
Simon P Davis,20.0,65.45363636363636,11,0,0,3
Omar Henry,20.0,65.98,3,0,0,0
David T Mutendera,20.0,38.38,4,0,0,1
Arthur D J Pitcher,20.0,47.22,3,0,0,1
Parthasarathy H Sharma,20.0,71.21000000000001,2,0,0,0
Alan P Igglesden,20.0,43.64666666666667,3,0,0,1
Sew Shivnarine,20.0,46.51,1,0,0,0
Bryan M Mauricette,20.0,20.73,3,0,0,1
Kapila I W Wijegunawardene,20.0,19.72083333333333,12,0,0,7
Mark R Johnson,20.0,55.555,2,0,0,1
Rizwan-Uz-Zaman,20.0,15.566666666666668,3,0,0,0
Abdur F Sattaur,20.0,34.166666666666664,3,0,0,1
Abdus S Faridi,19.0,57.0,2,0,0,0
Ronald G A Headley,19.0,46.34,1,0,0,0
Eric Gouka,19.0,27.14,2,0,0,1
Mohammed A Meman,19.0,86.36,1,0,0,0
Thirunavukkar A S U Kumaran,19.0,69.62666666666667,3,0,0,0
Alexander G Wharf,19.0,77.0,5,0,0,1
Hemal S M Pieris,19.0,20.453333333333333,3,0,0,1
Shapoor Zadran,19.0,24.91,8,0,0,5
Friday Kasteni,18.0,29.709999999999997,3,0,0,1
Laxmi R Shukla,18.0,92.775,2,0,0,0
Munir Dar,18.0,108.33,2,0,0,0
Syed Maqsood,18.0,40.235,2,0,0,0
Karl Whatham,18.0,43.9,1,0,0,0
Colin E H Croft,18.0,44.166666666666664,6,0,0,2
Ashok B Dinda,18.0,36.92333333333333,3,0,0,1
Tanvir Ahmed,18.0,150.0,1,0,0,0
Saleem Pervez,18.0,46.15,1,0,0,0
Scott G Borthwick,18.0,104.755,2,0,0,0
Jamaluddin Ahmed,18.0,64.28,1,0,0,0
Moises C Henriques,18.0,58.364999999999995,2,0,0,0
Roger G C E Wijesuriya,18.0,41.07,3,0,0,1
Hedley J Howarth,18.0,56.3,5,0,0,1
Jermaine J C Lawson,18.0,135.0,5,0,0,1
Zulquarnain,18.0,41.06,6,0,0,2
Intikhab Alam,17.0,37.650000000000006,2,0,0,0
Tariq Iqbal,17.0,27.5,2,0,0,0
Christopher E W Silverwood,17.0,41.5575,4,0,0,1
Geoffrey I Allott,17.0,34.14727272727273,11,0,0,4
Robert J Kennedy,17.0,81.66499999999999,4,0,0,1
Raqibul Hasan Snr,17.0,29.615000000000002,2,0,0,0
Indika S Gallage,17.0,79.16499999999999,2,0,0,0
Rangana Herath,17.0,45.178000000000004,5,0,0,1
Runish D Gudhka,17.0,121.425,2,0,0,0
Kariyawasam T G D Prasad,17.0,29.06,4,0,0,1
Patrick J Cummins,17.0,98.75,2,0,0,0
Peter Lever,17.0,88.37333333333333,3,0,0,0
Xavier J Doherty,17.0,66.666,5,0,0,1
Ilyas Gul,17.0,21.325,2,0,0,0
Kerry C B Jeremy,17.0,34.9375,4,0,0,1
Matthew J Hoggard,17.0,41.20166666666666,6,0,0,2
Rohan S A Jayasekera,17.0,40.47,1,0,0,0
Robert A L Massie,16.0,66.66,1,0,0,0
Bernard P Loots,16.0,34.32,5,0,0,2
Cephas Zhuwawo,16.0,80.0,1,0,0,0
Nicholas Ifill,16.0,26.266666666666666,3,0,0,1
Andrew D G Roberts,16.0,66.66,1,0,0,0
Robert W Anderson,16.0,34.09,2,0,0,0
Jignesh H Desai,16.0,42.1,1,0,0,0
Shafiek Abrahams,16.0,61.53,1,0,0,0
Sujith B Somasunder,16.0,25.450000000000003,2,0,0,0
Francis N Otieno,16.0,20.94,4,0,0,1
Richard L Johnson,16.0,54.165,4,0,0,2
Kerry J O'Keeffe,16.0,21.62,2,0,0,1
S B Lama,16.0,33.33,1,0,0,0
Jahangir Shah,16.0,26.544999999999998,4,0,0,1
Albert van der Merwe,15.0,56.54666666666666,6,0,0,2
Lesley W Stokkers,15.0,37.5,1,0,0,0
Mohammad Zahid,15.0,63.2275,4,0,0,1
Mosharraf Hossain,15.0,41.02,3,0,0,0
Ryan Higgins,15.0,18.05375,8,0,0,4
Brian W Luckhurst,15.0,12.209999999999999,3,0,0,1
Tariq Javed,15.0,26.50333333333333,3,0,0,0
David M Smith,15.0,63.615,2,0,0,0
Nurul Abedin,15.0,13.585,4,0,0,2
Alan P Wells,15.0,150.0,1,0,0,0
Jeffrey R Hammond,15.0,53.57,1,0,0,0
Prashant S Vaidya,15.0,116.665,2,0,0,0
Philip C R Tufnell,15.0,35.107,10,0,0,5
Delano W Hollis,15.0,57.69,1,0,0,0
Irfan Fazil,15.0,93.75,1,0,0,0
Gary E Kidd,15.0,60.0,1,0,0,0
Mansoor Rana,15.0,107.13499999999999,2,0,0,0
Sajjad Ahmed,15.0,47.08,2,0,0,0
Paul J W Allott,15.0,37.02333333333333,6,0,0,3
Kaushik N Amalean,15.0,44.35666666666666,3,0,0,1
Lonwabo L Tsotsobe,14.0,78.57142857142857,7,0,0,2
Zahid Razzak,14.0,33.11,3,0,0,0
Ian A Nicolson,14.0,36.84,2,0,0,1
Graham E Vivian,14.0,46.66,1,0,0,0
Mohammad Akram,14.0,30.704444444444448,9,0,0,4
Luke J Woodcock,14.0,78.945,2,0,0,0
Nadeem Ghauri,14.0,59.61333333333334,3,0,0,0
Haninder S Dhillon,14.0,30.555,2,0,0,0
Alan R Butcher,14.0,53.84,1,0,0,0
Stefan K W Kelly,14.0,50.43666666666667,6,0,0,2
Ashley A Mallett,14.0,26.666666666666668,3,0,0,1
Asif Mahmood,14.0,23.33,2,0,0,1
Glen Chapple,14.0,200.0,1,0,0,0
Indika P P Batuwitarachchi,14.0,15.215,2,0,0,1
Ebrahim A Essop-Adam,14.0,93.33,1,0,0,0
Asghar Ali,14.0,14.58,2,0,0,1
Davis Joseph,13.0,39.86666666666667,3,0,0,1
Lionel S Baker,13.0,30.057499999999997,4,0,0,2
Ryan O Hurley,13.0,30.475,4,0,0,1
Aamir Nazir,13.0,85.41666666666667,3,0,0,0
Glenn A Bishop,13.0,29.58,2,0,0,0
Usman Salahuddin,13.0,51.25,2,0,0,0
Arachchige M N Munasinghe,13.0,26.72,4,0,0,1
Roydon L Hayes,13.0,52.0,1,0,0,0
Norman G Cowans,13.0,49.0175,8,0,0,3
Gopalkrishna Bose,13.0,72.22,1,0,0,0
Heath Te-Ihi-O-Te-Ra Davis,13.0,31.899999999999995,6,0,0,2
Rayad R Emrit,13.0,19.695,2,0,0,1
Jason J Krejza,13.0,93.42,2,0,0,0
Jade W Dernbach,13.0,65.355,4,0,0,0
Surendra Seeraj,13.0,108.33,1,0,0,0
Glen K Bruk-Jackson,12.0,36.36,1,0,0,0
Naeemuddin Aslam,12.0,20.0,2,0,0,1
Dwight M Basden,12.0,30.8,2,0,0,0
Ashley M de Silva,12.0,55.55,2,0,0,0
Richard P De Groen,12.0,29.3475,8,0,0,4
Javed Qadeer,12.0,52.17,1,0,0,0
Imtiaz Abbasi,12.0,27.025000000000002,6,0,0,1
Terrence J Jenner,12.0,48.0,1,0,0,0
Noor-ul-Haq,12.0,10.71,2,0,0,1
Ian C Davis,12.0,19.76,3,0,0,1
Enamul Haque Jr,12.0,53.33200000000001,5,0,0,2
Mornantau Hayward,12.0,40.332,5,0,0,1
Praful S Mehta,12.0,29.26,1,0,0,0
Danish Kaneria,12.0,30.951,10,0,0,6
Paul J K  Mooney,12.0,85.71333333333332,3,0,0,1
Clinton J McKay,12.0,52.082499999999996,4,0,0,1
Asim Saeed,12.0,35.29,2,0,0,1
Bharat Reddy,11.0,53.025,2,0,0,0
Philip A Emery,11.0,84.61,1,0,0,0
Bhagwat S Chandrasekhar,11.0,84.61,1,0,0,0
Geoffrey W Humpage,11.0,46.425,2,0,0,0
Frederick J Titmus,11.0,34.37,1,0,0,0
Zahid Shah,11.0,55.045,2,0,0,0
Arshad Pervez,11.0,22.119999999999997,2,0,0,0
Graeme D Watson,11.0,36.665,2,0,0,1
Haafiz Shahid,11.0,57.77333333333333,3,0,0,0
Sanath M S Kaluperuma,11.0,28.915,2,0,0,0
Gopal Sharma,11.0,67.5,2,0,0,0
Louis J Burger,11.0,17.07,6,0,0,2
John A Maclean,11.0,33.33,1,0,0,0
Ahmed Kamal,11.0,57.89,1,0,0,0
Michael J D Allingham,11.0,10.886666666666665,3,0,0,0
Nilesh M Kulkarni,11.0,50.284000000000006,5,0,0,1
Sarel F Burger,11.0,67.855,2,0,0,0
Philip H Carlson,11.0,20.37,2,0,0,1
Rahul Sharma,11.0,40.47,2,0,0,0
Carlos R Braithwaite,11.0,55.0,1,0,0,0
John G Williamson,11.0,25.375,2,0,0,0
Martin P Stead,10.0,15.15,2,0,0,1
Shabbir Ahmed,10.0,33.657272727272726,11,0,0,4
Asif Masood,10.0,45.23666666666666,3,0,0,1
Bruce M W Patterson,10.0,9.256666666666666,3,0,0,2
Abhijit V Kale,10.0,45.45,1,0,0,0
Matthew D J Walker,10.0,166.66,1,0,0,0
Cecil A Marshall,10.0,26.045,2,0,0,0
Brett Geeves,10.0,45.45,2,0,0,1
Safyaan Sharif,10.0,39.165,2,0,0,0
Kabir Khan,10.0,56.11,5,0,0,1
Andrew J McKay,10.0,26.041249999999998,8,0,0,5
Tirumalai E Srinivasan,10.0,33.695,2,0,0,0
Devendra Bishoo,10.0,22.077142857142857,7,0,0,5
Darryl Brown,10.0,43.135,2,0,0,0
Timothy R Ambrose,10.0,36.968,5,0,0,1
Warren A Wisneski,10.0,65.0,2,0,0,0
Shariful Haque,10.0,166.66,1,0,0,0
Gavin C Tonge,10.0,56.942499999999995,4,0,0,1
Andris K Zesers,10.0,142.42000000000002,2,0,0,0
Deva L S De Silva,10.0,28.57,1,0,0,0
Jacob-Jan Esmeijer,10.0,10.975999999999999,5,0,0,3
Wasim Jaffer,10.0,25.0,2,0,0,1
Neil J MacRae,10.0,25.71,2,0,0,0
Amjed Javed,10.0,100.0,1,0,0,0
Glen P Sulzberger,9.0,60.0,2,0,0,0
Zahid Hussain,9.0,45.83,2,0,0,0
Adam G Huckle,9.0,34.37375,8,0,0,4
Ginigalgodage R A de Silva,9.0,39.545,4,0,0,1
Rashid Zia,9.0,12.88,2,0,0,0
Granville N De Silva,9.0,45.83,2,0,0,0
Alex Jeremy Tudor,9.0,108.33,2,0,0,0
Christopher J Drum,9.0,67.5,2,0,0,0
Carl E Bulfin,9.0,103.33,2,0,0,0
Parbhu G Nana,9.0,11.743333333333334,3,0,0,1
Murray J Bennett,9.0,27.6775,4,0,0,2
Mark J Haslam,9.0,50.0,1,0,0,0
Devon E Malcolm,9.0,76.66600000000001,5,0,0,2
Noel A David,9.0,75.0,2,0,0,0
Howard R Johnson,9.0,30.0,2,0,0,1
Fahad Usman,9.0,34.615,2,0,0,1
John A Snow,9.0,20.5825,4,0,0,1
Vaughn B van Jaarsveld,9.0,59.82,2,0,0,0
Dilip R Doshi,9.0,38.0,5,0,0,2
Mohammad Salim,9.0,37.5,1,0,0,0
Lalchand S Rajput,9.0,32.69,4,0,0,2
Faisal Athar,9.0,23.68,1,0,0,0
Stuart J Chalmers,9.0,64.28,1,0,0,0
Charles A Reid,8.0,45.0,2,0,0,0
Richard A Austin,8.0,61.53,1,0,0,0
Christopher S Martin,8.0,28.092857142857138,7,0,0,2
Barrington S Browne,8.0,12.12,3,0,0,2
Rajindra Dhanraj,8.0,13.33,2,0,0,1
Rahul L Sanghvi,8.0,44.44,2,0,0,1
Narendra D Hirwani,8.0,38.519999999999996,7,0,0,3
Janak C Gamage,8.0,75.0,2,0,0,0
Durand Soraine,8.0,42.06,3,0,0,1
Sanjay S Raul,8.0,30.765,2,0,0,1
Mitchell R Marsh,8.0,160.0,1,0,0,0
Dudley M Vonhagt,8.0,47.05,1,0,0,0
Henry S Williams,8.0,63.885,2,0,0,0
Everton Matambanadzo,8.0,28.091999999999995,5,0,0,2
Monte A Lynch,8.0,16.93,3,0,0,1
Panagodage D R L Perera,8.0,34.69285714285714,7,0,0,4
Thewarathantrige L Fernando,8.0,133.33,1,0,0,0
Sohail Butt,8.0,53.33,2,0,0,0
Vikram R Singh,8.0,61.53,1,0,0,0
David S Steele,8.0,66.66,1,0,0,0
Hafizur Rahman,8.0,33.33,1,0,0,0
Skhawit Ali,8.0,20.0,2,0,0,1
Pankaj Dharmani,8.0,100.0,1,0,0,0
Parth A Desai,8.0,24.467142857142857,7,0,0,3
Alan C I Lock,8.0,38.483333333333334,3,0,0,0
Gholam Nousher,8.0,47.776666666666664,3,0,0,0
K Hussain Butt,8.0,28.71,2,0,0,0
Hamish K Bennett,7.0,17.856666666666666,6,0,0,4
Kevin G Duers,7.0,35.0,2,0,0,0
Withanaarchchige C A Ganegama,7.0,43.75,2,0,0,1
Steven D Jack,7.0,76.66499999999999,2,0,0,0
Robert F Van Oosterom,7.0,27.776666666666667,3,0,0,1
Jeffrey K Moss,7.0,43.75,1,0,0,0
Paras L Mhambrey,7.0,140.0,1,0,0,0
Ian D K Salisbury,7.0,58.33,2,0,0,0
Fazl-E-Akbar,7.0,87.5,1,0,0,0
Kenneth Shuttleworth,7.0,36.84,1,0,0,0
Alam Talukdar,7.0,43.75,1,0,0,0
Nick A Statham,7.0,6.666666666666667,3,0,0,2
Alan G Hurst,7.0,53.332499999999996,4,0,0,1
Ezra A Moseley,7.0,50.0,6,0,0,2
Tinu Yohannan,7.0,66.66499999999999,2,0,0,0
Liaqat Ali,7.0,22.58,1,0,0,0
Natsai Mushangwe,7.0,70.0,1,0,0,0
Anthony Martin,7.0,30.605,4,0,0,1
Vincent R Hogg,7.0,36.84,1,0,0,0
Muthumudalige Pushpakumara,7.0,36.84,1,0,0,0
Graham A Manou,7.0,116.66,1,0,0,0
Rajab W Ali,7.0,14.226666666666667,3,0,0,1
E H Shadeep N Silva,7.0,53.84,1,0,0,0
Materba K G C P Lakshitha,7.0,58.33,2,0,0,0
Vikrant Shetty,7.0,41.17,1,0,0,0
Merenna K D I Amerasinghe,6.0,75.0,4,0,0,2
Wilfred P Diepeveen,6.0,85.71,1,0,0,0
Bhupinder Singh,6.0,46.15,1,0,0,0
Ian W Callen,6.0,45.0,3,0,0,1
Harvinder Singh,6.0,30.0,5,0,0,1
Marcus J North,6.0,29.165,2,0,0,0
Cornelius C Henry,6.0,39.39,2,0,0,0
Clive E Eksteen,6.0,13.04,2,0,0,1
Michael Hendrick,6.0,32.5,10,0,0,5
Izatullah Dawlatzai,6.0,37.5,1,0,0,0
David B Rundle,6.0,30.0,2,0,0,1
Aftab Alam,6.0,60.0,1,0,0,0
Richard J Webb,6.0,60.0,1,0,0,0
Lucas  Oluoch,6.0,99.995,2,0,0,0
Utpal Chatterjee,6.0,36.0,2,0,0,0
Fahim Muntasir,6.0,30.55333333333333,3,0,0,1
Pallemoni Krishnamurthy,6.0,46.15,1,0,0,0
Gegory D Campbell,6.0,27.776666666666667,3,0,0,1
Ashok K Patel,6.0,37.5,2,0,0,1
Adrian P Grayson,6.0,25.0,2,0,0,1
Harilal Shah,6.0,3.7733333333333334,3,0,0,2
Sajjad Akbar,5.0,55.55,1,0,0,0
David J Terbrugge,5.0,22.725,2,0,0,1
Dinanath Ramnarine,5.0,52.22,3,0,0,0
Neeyamur Rashid,5.0,91.665,2,0,0,0
Maqsood Rana,5.0,38.46,1,0,0,0
Amit Mishra,5.0,11.903333333333334,3,0,0,2
Hamish McLeod,5.0,31.25,2,0,0,1
Royston T Crandon,5.0,55.55,1,0,0,0
Jalaluddin,5.0,62.5,2,0,0,1
Naumanullah,5.0,125.0,1,0,0,0
Raymond Illingworth,5.0,25.32,2,0,0,0
Donald J Pringle,5.0,45.83,2,0,0,0
Nizel Fernandes,5.0,38.46,1,0,0,0
Laxman Sivaramakrishnan,5.0,39.26,4,0,0,0
Talha Jubair,5.0,16.666,5,0,0,3
Mansoor Amjad,5.0,50.0,1,0,0,0
Juan Theron,5.0,100.0,1,0,0,0
Roger K Whelan,5.0,50.0,2,0,0,1
Gerrie Synman,5.0,20.8325,4,0,0,3
Khalid Khan,5.0,62.5,2,0,0,0
Aijaz Ali,5.0,48.33,2,0,0,0
Samiur Rahman,4.0,40.0,2,0,0,1
Gursharan Singh,4.0,40.0,1,0,0,0
Shahzad Khan,4.0,33.33,1,0,0,0
Sohail Khan,4.0,44.44,1,0,0,0
Glenn S Trimble,4.0,100.0,2,0,0,1
Richard W Staple,4.0,20.0,2,0,0,1
Aavishkar M Salvi,4.0,14.813333333333333,3,0,0,2
Michael L  Lewis,4.0,100.0,1,0,0,0
Phillipus J R Steyn,4.0,28.57,1,0,0,0
Sudhakar Rao,4.0,28.57,1,0,0,0
Patrick I Pocock,4.0,44.44,1,0,0,0
Jahangir Alam,4.0,22.546666666666667,3,0,0,1
Paul J Franks,4.0,23.52,1,0,0,0
Gyanendrakumar K Pandey,4.0,22.22,2,0,0,1
Shiraz Sumar,4.0,36.36,1,0,0,0
Wriddhiman P Saha,4.0,80.0,1,0,0,0
Philip S Eaglestone,4.0,133.33,1,0,0,0
Barry B Seebaran,4.0,11.11,3,0,0,2
Doddanarasiah Ganesh,4.0,50.0,1,0,0,0
Christopher H Lonsdale,4.0,15.38,1,0,0,0
Ranasinghe P A H Wickramaratne,4.0,66.66499999999999,2,0,0,0
U W M B Chanaka A Welegedara,4.0,58.333333333333336,3,0,0,0
Monde Zondeki,4.0,83.33333333333333,3,0,0,1
Paul Wilson,4.0,23.332,5,0,0,2
Mohammed Nazir,4.0,16.666666666666668,3,0,0,1
Marlon I Black,4.0,25.0,2,0,0,1
Vinoo A B Tewarie,4.0,18.18,1,0,0,0
Steven L Watkin,4.0,9.09,2,0,0,1
Nadeem Ahmed,3.0,10.313333333333333,3,0,0,1
Ranganath Vinay Kumar,3.0,41.666666666666664,3,0,0,1
Mahbubur Rahman,3.0,37.5,1,0,0,0
Lance J Hamilton,3.0,50.0,2,0,0,0
Zameer Zahir,3.0,23.07,1,0,0,0
Abdullah Mazari,3.0,18.75,1,0,0,0
Rustam A Bhatti,3.0,75.0,1,0,0,0
R M Shaminda Eranga,3.0,27.77333333333333,3,0,0,1
Pankaj Singh,3.0,100.0,1,0,0,0
Graeme D Porter,3.0,33.33,1,0,0,0
Umesh Yadav,3.0,100.0,1,0,0,0
Manimeldura C Mendis,3.0,150.0,1,0,0,0
H G Dharshana Nayanakanatha,3.0,33.33,2,0,0,0
Rodney E Redmond,3.0,27.27,1,0,0,0
Ujesh Ranchod,3.0,50.0,1,0,0,0
Darrin J Murray,3.0,17.64,1,0,0,0
Mark J Petrie,3.0,12.5,2,0,0,1
Peter D Heyn,3.0,12.5,2,0,0,0
Mazharul Haque,3.0,16.66,1,0,0,0
Courtney K Kruger,3.0,9.375,2,0,0,1
Cornelius J P G Van Zyl,3.0,75.0,2,0,0,1
Iain E O'Brien,3.0,18.75,2,0,0,1
Mohammad Irfan,3.0,60.0,1,0,0,0
Colin E L Stuart,3.0,23.07,1,0,0,0
Jayawardene W H D Boteju,3.0,36.11,2,0,0,0
Ronald T Hart,3.0,10.34,1,0,0,0
Ijaz Ahmed Jr,3.0,150.0,1,0,0,0
Zahid Ahmed,3.0,18.75,2,0,0,1
Jitendra M Patel,3.0,19.046666666666667,3,0,0,1
John N Valentine,3.0,13.635,2,0,0,1
Surendra V Nayak,3.0,15.78,1,0,0,0
Aftabodeen Shamsuden,3.0,10.71,1,0,0,0
Brian V Vitori,3.0,100.0,1,0,0,0
Nicholas R Dyer,3.0,12.5,4,0,0,2
Daniel W O Morgan,2.0,19.64,2,0,0,0
Nasir Javed,2.0,10.52,1,0,0,0
Greg J Thompson,2.0,5.26,2,0,0,1
Masood Iqbal,2.0,100.0,1,0,0,0
Davenell F Whatmore,2.0,33.33,1,0,0,0
Thandi Tshabalala,2.0,66.66,1,0,0,0
David R O'Sullivan,2.0,41.665,2,0,0,0
Aruna A W Gunawardene,2.0,20.0,1,0,0,0
Patterson I C Thompson,2.0,28.57,1,0,0,0
Milton R Pydanna,2.0,66.66,1,0,0,0
Ahmed Shah,2.0,20.0,1,0,0,0
Daniel J Cullen,2.0,66.66,1,0,0,0
Ajith P Weerakkody,2.0,50.0,1,0,0,0
Morshed Ali Khan,2.0,50.0,1,0,0,0
Anisur Rehman,2.0,10.0,2,0,0,1
Sameer Zia,2.0,10.0,1,0,0,0
Anguppulige G D Wickremasinghe,2.0,20.0,1,0,0,0
Kyle C Hodsoll,2.0,20.0,2,0,0,1
Nadeem Khan,2.0,66.66,1,0,0,0
Jonathan P Agnew,2.0,66.66,1,0,0,0
Junaid Zia,2.0,16.665,2,0,0,1
Kashif Raza,2.0,100.0,1,0,0,0
Junaid Khan,2.0,56.25,2,0,0,0
Peter G Gillespie,2.0,6.25,4,0,0,3
Brett R Dorey,2.0,25.0,1,0,0,0
Austin C L Richards,2.0,100.0,1,0,0,0
Walter J Edwards,2.0,14.28,1,0,0,0
Mithra De S Wettimuny,2.0,18.18,1,0,0,0
Saradindu P Mukherjee,2.0,100.0,1,0,0,0
Robert J Kirtley,2.0,22.915,2,0,0,0
Stuart C Meaker,2.0,13.33,2,0,0,0
Nelson M Odhiambo,1.0,6.25,2,0,0,1
Mohammad Kashif,1.0,3.03,3,0,0,2
Geoffrey A Cope,1.0,100.0,1,0,0,0
Ben Laughlin,1.0,11.11,1,0,0,0
Graham Onions,1.0,50.0,1,0,0,0
Simon P Jones,1.0,50.0,1,0,0,0
Mohsin Mulla,1.0,9.09,1,0,0,0
Moniruzzaman,1.0,3.57,2,0,0,1
Nasim-Ul-Ghani,1.0,12.5,1,0,0,0
Dirk P Nannes,1.0,50.0,1,0,0,0
Ryan Ramdass,1.0,11.11,1,0,0,0
John G Thomas,1.0,11.11,3,0,0,2
Mahmood Hamid,1.0,16.66,1,0,0,0
Kalpesh A  Patel,1.0,50.0,2,0,0,1
Kelaniyage J Silva,1.0,100.0,1,0,0,0
Khahakachchi P J Warnaweera,1.0,16.666666666666668,3,0,0,2
Jonathan P Taylor,1.0,12.5,1,0,0,0
Imran Tahir,1.0,50.0,2,0,0,1
Berend A Westdijk,1.0,11.11,3,0,0,2
Chamara I Dunusinghe,1.0,100.0,1,0,0,0
James W A Taylor,1.0,12.5,1,0,0,0
Leon C Romero,1.0,10.0,2,0,0,1
Iqbal Sikander,1.0,33.33,1,0,0,0
Yograj Singh,1.0,8.3325,4,0,0,3
Stuart J Roberts,1.0,50.0,1,0,0,0
Alawi Shukri,1.0,33.33,1,0,0,0
Paul-Jan Bakker,1.0,25.0,1,0,0,0
R A Suranga Lakmal,1.0,8.3325,4,0,0,3
Anthony M Stuart,1.0,14.28,1,0,0,0
Waddington Mwayenga,1.0,25.0,2,0,0,1
Rageg G Aga,1.0,8.33,2,0,0,1
Aminul Islam Jnr,1.0,100.0,1,0,0,0
Rajinder S Ghai,1.0,33.33,1,0,0,0
Phenyo V Mpitsang,1.0,100.0,1,0,0,0
Abdul Rehman,1.0,7.69,1,0,0,0
Leslie B Taylor,1.0,16.66,1,0,0,0
Naman V Ojha,1.0,14.28,1,0,0,0
Stuart C G MacGill,1.0,25.0,2,0,0,1
Sunil A Jayasinghe,1.0,33.33,1,0,0,0
Nandlal S Yadav,1.0,3.57,2,0,0,1
Matthew T G Elliott,1.0,16.66,1,0,0,0
Sudeep Tyagi,1.0,50.0,1,0,0,0
Michael C Cowdrey,1.0,20.0,1,0,0,0
Yunus Badat,1.0,12.5,2,0,0,1
Norman Gifford,0.0,0.0,1,0,0,1
Riaan Walters,0.0,0.0,2,0,0,2
Tafadzwa Kamungozi,0.0,0.0,3,0,0,3
Nasir Hameed,0.0,0.0,1,0,0,1
Norman M Parker,0.0,0.0,1,0,0,1
Nishantha Ranatunga,0.0,0.0,1,0,0,1
Norbert Phillip,0.0,0.0,1,0,0,1
Brendon P Bracewell,0.0,0.0,1,0,0,1
Njabulo Ncube,0.0,0.0,1,0,0,1
Showkat Baksh,0.0,0.0,1,0,0,1
Donovan L Blake,0.0,0.0,1,0,0,1
Naseer Malik,0.0,0.0,1,0,0,1
Garnett J-P Kruger,0.0,0.0,2,0,0,2
Ryan Flannigan,0.0,0.0,1,0,0,1
Andrew G Puttick,0.0,0.0,1,0,0,1
Najaf Shah,0.0,0.0,1,0,0,1
Naeem Ahmed,0.0,0.0,1,0,0,1
Fahad Alhashmi,0.0,0.0,2,0,0,2
Amit Bhandari,0.0,0.0,1,0,0,1
Amin Ali,0.0,0.0,1,0,0,1
Garfield St A Sobers,0.0,0.0,1,0,0,1
Rafiqul Islam,0.0,0.0,1,0,0,1
Nelon T Pascal,0.0,0.0,1,0,0,1
Rizwan Latif,0.0,0.0,1,0,0,1
Gulbodin Naib,0.0,0.0,1,0,0,1
Chadwick A K Walton,0.0,0.0,2,0,0,2
James L Pattinson,0.0,0.0,1,0,0,1
Dave Mohammed,0.0,0.0,1,0,0,1
Neal V Radford,0.0,0.0,3,0,0,3
Mohammad Khalil,0.0,0.0,1,0,0,1
M R C Niroshan Bandarathilake,0.0,0.0,1,0,0,1
Lancelot R Gibbs,0.0,0.0,1,0,0,1
Zakir Hasan,0.0,0.0,1,0,0,1
Shane M Harwood,0.0,0.0,1,0,0,1
Shakeel Khan,0.0,0.0,1,0,0,1
Abhishek M Nayar,0.0,0.0,1,0,0,1
Margasaghayam Venkataramana,0.0,0.0,1,0,0,1
Michael B Owens,0.0,0.0,1,0,0,1
Joseph E Benjamin,0.0,0.0,1,0,0,1
Shafiqullah,0.0,0.0,1,0,0,1
Shadab Kabir,0.0,0.0,3,0,0,3
Jonathan P Millmow,0.0,0.0,1,0,0,1
Seekkuge Prasanna,0.0,0.0,1,0,0,1
Harun-Ur-Rashid,0.0,0.0,2,0,0,2
Jo Angel,0.0,0.0,1,0,0,1
Robert G Hart,0.0,0.0,1,0,0,1
Victor Grandia,0.0,0.0,1,0,0,1
Robert G Callender,0.0,0.0,2,0,0,2
Charl M Willoughby,0.0,0.0,2,0,0,2
Anwar Hossain Monir,0.0,0.0,1,0,0,1
Dawlat Zadran,0.0,0.0,2,0,0,2
Tanvir Mehdi,0.0,0.0,1,0,0,1
Alexander G R Loudon,0.0,0.0,1,0,0,1
